User,org:resource,concept:name,Cumulative net worth (EUR),time:timestamp,case:Spend area text,case:Company,case:Document Type,case:Sub spend area text,case:Purchasing Document,case:Purch. Doc. Category name,case:Vendor,case:Item Type,case:Item Category,case:Spend classification text,case:Source,case:Name,case:GR-Based Inv. Verif.,case:Item,case:concept:name,case:Goods Receipt
batch_00,batch_00,SRM: Created,298.0,2018-01-02 12:53:00+00:00,CAPEX & SOCS,companyID_0000,EC Purchase order,Facility Management,2000000000,Purchase order,vendorID_0000,Standard,"3-way match, invoice before GR",NPR,sourceSystemID_0000,vendor_0000,False,00001,2000000000_00001,True
batch_00,batch_00,SRM: Complete,298.0,2018-01-02 13:53:00+00:00,CAPEX & SOCS,companyID_0000,EC Purchase order,Facility Management,2000000000,Purchase order,vendorID_0000,Standard,"3-way match, invoice before GR",NPR,sourceSystemID_0000,vendor_0000,False,00001,2000000000_00001,True
batch_00,batch_00,SRM: Awaiting Approval,298.0,2018-01-02 13:53:00+00:00,CAPEX & SOCS,companyID_0000,EC Purchase order,Facility Management,2000000000,Purchase order,vendorID_0000,Standard,"3-way match, invoice before GR",NPR,sourceSystemID_0000,vendor_0000,False,00001,2000000000_00001,True
batch_00,batch_00,SRM: Document Completed,298.0,2018-01-02 13:53:00+00:00,CAPEX & SOCS,companyID_0000,EC Purchase order,Facility Management,2000000000,Purchase order,vendorID_0000,Standard,"3-way match, invoice before GR",NPR,sourceSystemID_0000,vendor_0000,False,00001,2000000000_00001,True
batch_00,batch_00,SRM: In Transfer to Execution Syst.,298.0,2018-01-02 13:53:00+00:00,CAPEX & SOCS,companyID_0000,EC Purchase order,Facility Management,2000000000,Purchase order,vendorID_0000,Standard,"3-way match, invoice before GR",NPR,sourceSystemID_0000,vendor_0000,False,00001,2000000000_00001,True
batch_00,batch_00,SRM: Ordered,298.0,2018-01-02 13:53:00+00:00,CAPEX & SOCS,companyID_0000,EC Purchase order,Facility Management,2000000000,Purchase order,vendorID_0000,Standard,"3-way match, invoice before GR",NPR,sourceSystemID_0000,vendor_0000,False,00001,2000000000_00001,True
batch_00,batch_00,SRM: Change was Transmitted,298.0,2018-01-02 13:53:00+00:00,CAPEX & SOCS,companyID_0000,EC Purchase order,Facility Management,2000000000,Purchase order,vendorID_0000,Standard,"3-way match, invoice before GR",NPR,sourceSystemID_0000,vendor_0000,False,00001,2000000000_00001,True
user_000,user_000,Create Purchase Order Item,298.0,2018-01-02 13:53:00+00:00,CAPEX & SOCS,companyID_0000,EC Purchase order,Facility Management,2000000000,Purchase order,vendorID_0000,Standard,"3-way match, invoice before GR",NPR,sourceSystemID_0000,vendor_0000,False,00001,2000000000_00001,True
NONE,NONE,Vendor creates invoice,298.0,2018-01-02 22:59:00+00:00,CAPEX & SOCS,companyID_0000,EC Purchase order,Facility Management,2000000000,Purchase order,vendorID_0000,Standard,"3-way match, invoice before GR",NPR,sourceSystemID_0000,vendor_0000,False,00001,2000000000_00001,True
user_000,user_000,Record Goods Receipt,298.0,2018-03-06 06:44:00+00:00,CAPEX & SOCS,companyID_0000,EC Purchase order,Facility Management,2000000000,Purchase order,vendorID_0000,Standard,"3-way match, invoice before GR",NPR,sourceSystemID_0000,vendor_0000,False,00001,2000000000_00001,True
user_001,user_001,Record Invoice Receipt,298.0,2018-03-06 07:53:00+00:00,CAPEX & SOCS,companyID_0000,EC Purchase order,Facility Management,2000000000,Purchase order,vendorID_0000,Standard,"3-way match, invoice before GR",NPR,sourceSystemID_0000,vendor_0000,False,00001,2000000000_00001,True
user_002,user_002,Clear Invoice,298.0,2018-03-29 13:06:00+00:00,CAPEX & SOCS,companyID_0000,EC Purchase order,Facility Management,2000000000,Purchase order,vendorID_0000,Standard,"3-way match, invoice before GR",NPR,sourceSystemID_0000,vendor_0000,False,00001,2000000000_00001,True
batch_00,batch_00,SRM: Created,557.0,2018-01-03 08:49:00+00:00,Marketing,companyID_0000,EC Purchase order,Marketing Support Services,2000000001,Purchase order,vendorID_0001,Service,"3-way match, invoice after GR",NPR,sourceSystemID_0000,vendor_0001,True,00001,2000000001_00001,True
batch_00,batch_00,SRM: Complete,557.0,2018-01-03 09:49:00+00:00,Marketing,companyID_0000,EC Purchase order,Marketing Support Services,2000000001,Purchase order,vendorID_0001,Service,"3-way match, invoice after GR",NPR,sourceSystemID_0000,vendor_0001,True,00001,2000000001_00001,True
batch_00,batch_00,SRM: Awaiting Approval,557.0,2018-01-03 09:49:00+00:00,Marketing,companyID_0000,EC Purchase order,Marketing Support Services,2000000001,Purchase order,vendorID_0001,Service,"3-way match, invoice after GR",NPR,sourceSystemID_0000,vendor_0001,True,00001,2000000001_00001,True
batch_00,batch_00,SRM: Document Completed,557.0,2018-01-03 09:49:00+00:00,Marketing,companyID_0000,EC Purchase order,Marketing Support Services,2000000001,Purchase order,vendorID_0001,Service,"3-way match, invoice after GR",NPR,sourceSystemID_0000,vendor_0001,True,00001,2000000001_00001,True
batch_00,batch_00,SRM: Ordered,557.0,2018-01-03 09:49:00+00:00,Marketing,companyID_0000,EC Purchase order,Marketing Support Services,2000000001,Purchase order,vendorID_0001,Service,"3-way match, invoice after GR",NPR,sourceSystemID_0000,vendor_0001,True,00001,2000000001_00001,True
batch_00,batch_00,SRM: In Transfer to Execution Syst.,557.0,2018-01-03 09:49:00+00:00,Marketing,companyID_0000,EC Purchase order,Marketing Support Services,2000000001,Purchase order,vendorID_0001,Service,"3-way match, invoice after GR",NPR,sourceSystemID_0000,vendor_0001,True,00001,2000000001_00001,True
batch_00,batch_00,SRM: Change was Transmitted,557.0,2018-01-03 09:49:00+00:00,Marketing,companyID_0000,EC Purchase order,Marketing Support Services,2000000001,Purchase order,vendorID_0001,Service,"3-way match, invoice after GR",NPR,sourceSystemID_0000,vendor_0001,True,00001,2000000001_00001,True
user_000,user_000,Create Purchase Order Item,557.0,2018-01-03 09:49:00+00:00,Marketing,companyID_0000,EC Purchase order,Marketing Support Services,2000000001,Purchase order,vendorID_0001,Service,"3-way match, invoice after GR",NPR,sourceSystemID_0000,vendor_0001,True,00001,2000000001_00001,True
NONE,NONE,Vendor creates invoice,557.0,2018-01-10 22:59:00+00:00,Marketing,companyID_0000,EC Purchase order,Marketing Support Services,2000000001,Purchase order,vendorID_0001,Service,"3-way match, invoice after GR",NPR,sourceSystemID_0000,vendor_0001,True,00001,2000000001_00001,True
user_000,user_000,Record Goods Receipt,557.0,2018-01-16 12:09:00+00:00,Marketing,companyID_0000,EC Purchase order,Marketing Support Services,2000000001,Purchase order,vendorID_0001,Service,"3-way match, invoice after GR",NPR,sourceSystemID_0000,vendor_0001,True,00001,2000000001_00001,True
NONE,NONE,Record Service Entry Sheet,557.0,2018-01-16 12:09:00+00:00,Marketing,companyID_0000,EC Purchase order,Marketing Support Services,2000000001,Purchase order,vendorID_0001,Service,"3-way match, invoice after GR",NPR,sourceSystemID_0000,vendor_0001,True,00001,2000000001_00001,True
user_004,user_004,Record Invoice Receipt,557.0,2018-01-16 14:44:00+00:00,Marketing,companyID_0000,EC Purchase order,Marketing Support Services,2000000001,Purchase order,vendorID_0001,Service,"3-way match, invoice after GR",NPR,sourceSystemID_0000,vendor_0001,True,00001,2000000001_00001,True
user_005,user_005,Clear Invoice,557.0,2018-03-08 12:21:00+00:00,Marketing,companyID_0000,EC Purchase order,Marketing Support Services,2000000001,Purchase order,vendorID_0001,Service,"3-way match, invoice after GR",NPR,sourceSystemID_0000,vendor_0001,True,00001,2000000001_00001,True
user_003,user_003,SRM: In Transfer to Execution Syst.,557.0,2019-01-17 10:58:00+00:00,Marketing,companyID_0000,EC Purchase order,Marketing Support Services,2000000001,Purchase order,vendorID_0001,Service,"3-way match, invoice after GR",NPR,sourceSystemID_0000,vendor_0001,True,00001,2000000001_00001,True
user_003,user_003,SRM: Transfer Failed (E.Sys.),557.0,2019-01-17 10:58:00+00:00,Marketing,companyID_0000,EC Purchase order,Marketing Support Services,2000000001,Purchase order,vendorID_0001,Service,"3-way match, invoice after GR",NPR,sourceSystemID_0000,vendor_0001,True,00001,2000000001_00001,True
batch_00,batch_00,SRM: Created,76210.0,2018-01-04 13:17:00+00:00,Marketing,companyID_0000,EC Purchase order,Digital Marketing,2000000002,Purchase order,vendorID_0002,Service,"3-way match, invoice after GR",NPR,sourceSystemID_0000,vendor_0002,True,00001,2000000002_00001,True
batch_00,batch_00,SRM: Complete,76210.0,2018-01-04 14:17:00+00:00,Marketing,companyID_0000,EC Purchase order,Digital Marketing,2000000002,Purchase order,vendorID_0002,Service,"3-way match, invoice after GR",NPR,sourceSystemID_0000,vendor_0002,True,00001,2000000002_00001,True
batch_00,batch_00,SRM: Awaiting Approval,76210.0,2018-01-04 14:17:00+00:00,Marketing,companyID_0000,EC Purchase order,Digital Marketing,2000000002,Purchase order,vendorID_0002,Service,"3-way match, invoice after GR",NPR,sourceSystemID_0000,vendor_0002,True,00001,2000000002_00001,True
batch_00,batch_00,SRM: Document Completed,76210.0,2018-01-04 14:17:00+00:00,Marketing,companyID_0000,EC Purchase order,Digital Marketing,2000000002,Purchase order,vendorID_0002,Service,"3-way match, invoice after GR",NPR,sourceSystemID_0000,vendor_0002,True,00001,2000000002_00001,True
batch_00,batch_00,SRM: Ordered,76210.0,2018-01-04 14:17:00+00:00,Marketing,companyID_0000,EC Purchase order,Digital Marketing,2000000002,Purchase order,vendorID_0002,Service,"3-way match, invoice after GR",NPR,sourceSystemID_0000,vendor_0002,True,00001,2000000002_00001,True
batch_00,batch_00,SRM: In Transfer to Execution Syst.,76210.0,2018-01-04 14:17:00+00:00,Marketing,companyID_0000,EC Purchase order,Digital Marketing,2000000002,Purchase order,vendorID_0002,Service,"3-way match, invoice after GR",NPR,sourceSystemID_0000,vendor_0002,True,00001,2000000002_00001,True
batch_00,batch_00,SRM: Change was Transmitted,76210.0,2018-01-04 14:17:00+00:00,Marketing,companyID_0000,EC Purchase order,Digital Marketing,2000000002,Purchase order,vendorID_0002,Service,"3-way match, invoice after GR",NPR,sourceSystemID_0000,vendor_0002,True,00001,2000000002_00001,True
user_000,user_000,Create Purchase Order Item,76210.0,2018-01-04 14:17:00+00:00,Marketing,companyID_0000,EC Purchase order,Digital Marketing,2000000002,Purchase order,vendorID_0002,Service,"3-way match, invoice after GR",NPR,sourceSystemID_0000,vendor_0002,True,00001,2000000002_00001,True
user_000,user_000,Record Goods Receipt,76210.0,2018-02-06 14:53:00+00:00,Marketing,companyID_0000,EC Purchase order,Digital Marketing,2000000002,Purchase order,vendorID_0002,Service,"3-way match, invoice after GR",NPR,sourceSystemID_0000,vendor_0002,True,00001,2000000002_00001,True
NONE,NONE,Record Service Entry Sheet,76210.0,2018-02-06 14:53:00+00:00,Marketing,companyID_0000,EC Purchase order,Digital Marketing,2000000002,Purchase order,vendorID_0002,Service,"3-way match, invoice after GR",NPR,sourceSystemID_0000,vendor_0002,True,00001,2000000002_00001,True
NONE,NONE,Vendor creates invoice,76210.0,2018-02-06 22:59:00+00:00,Marketing,companyID_0000,EC Purchase order,Digital Marketing,2000000002,Purchase order,vendorID_0002,Service,"3-way match, invoice after GR",NPR,sourceSystemID_0000,vendor_0002,True,00001,2000000002_00001,True
user_000,user_000,Cancel Goods Receipt,76210.0,2018-02-08 10:19:00+00:00,Marketing,companyID_0000,EC Purchase order,Digital Marketing,2000000002,Purchase order,vendorID_0002,Service,"3-way match, invoice after GR",NPR,sourceSystemID_0000,vendor_0002,True,00001,2000000002_00001,True
user_000,user_000,Record Goods Receipt,76210.0,2018-08-16 10:20:00+00:00,Marketing,companyID_0000,EC Purchase order,Digital Marketing,2000000002,Purchase order,vendorID_0002,Service,"3-way match, invoice after GR",NPR,sourceSystemID_0000,vendor_0002,True,00001,2000000002_00001,True
NONE,NONE,Record Service Entry Sheet,76210.0,2018-08-16 10:20:00+00:00,Marketing,companyID_0000,EC Purchase order,Digital Marketing,2000000002,Purchase order,vendorID_0002,Service,"3-way match, invoice after GR",NPR,sourceSystemID_0000,vendor_0002,True,00001,2000000002_00001,True
batch_00,batch_00,Record Invoice Receipt,76210.0,2018-08-16 10:41:00+00:00,Marketing,companyID_0000,EC Purchase order,Digital Marketing,2000000002,Purchase order,vendorID_0002,Service,"3-way match, invoice after GR",NPR,sourceSystemID_0000,vendor_0002,True,00001,2000000002_00001,True
user_002,user_002,Clear Invoice,76210.0,2018-08-16 13:03:00+00:00,Marketing,companyID_0000,EC Purchase order,Digital Marketing,2000000002,Purchase order,vendorID_0002,Service,"3-way match, invoice after GR",NPR,sourceSystemID_0000,vendor_0002,True,00001,2000000002_00001,True
user_003,user_003,SRM: In Transfer to Execution Syst.,76210.0,2019-01-17 10:59:00+00:00,Marketing,companyID_0000,EC Purchase order,Digital Marketing,2000000002,Purchase order,vendorID_0002,Service,"3-way match, invoice after GR",NPR,sourceSystemID_0000,vendor_0002,True,00001,2000000002_00001,True
user_003,user_003,SRM: Transfer Failed (E.Sys.),76210.0,2019-01-17 10:59:00+00:00,Marketing,companyID_0000,EC Purchase order,Digital Marketing,2000000002,Purchase order,vendorID_0002,Service,"3-way match, invoice after GR",NPR,sourceSystemID_0000,vendor_0002,True,00001,2000000002_00001,True
batch_00,batch_00,SRM: Created,28.0,2018-01-08 06:21:00+00:00,Enterprise Services,companyID_0000,EC Purchase order,Office Supplies,2000000003,Purchase order,vendorID_0003,Standard,"3-way match, invoice before GR",NPR,sourceSystemID_0000,vendor_0003,False,00001,2000000003_00001,True
batch_00,batch_00,SRM: Complete,28.0,2018-01-08 07:21:00+00:00,Enterprise Services,companyID_0000,EC Purchase order,Office Supplies,2000000003,Purchase order,vendorID_0003,Standard,"3-way match, invoice before GR",NPR,sourceSystemID_0000,vendor_0003,False,00001,2000000003_00001,True
batch_00,batch_00,SRM: Awaiting Approval,28.0,2018-01-08 07:21:00+00:00,Enterprise Services,companyID_0000,EC Purchase order,Office Supplies,2000000003,Purchase order,vendorID_0003,Standard,"3-way match, invoice before GR",NPR,sourceSystemID_0000,vendor_0003,False,00001,2000000003_00001,True
batch_00,batch_00,SRM: Document Completed,28.0,2018-01-08 07:21:00+00:00,Enterprise Services,companyID_0000,EC Purchase order,Office Supplies,2000000003,Purchase order,vendorID_0003,Standard,"3-way match, invoice before GR",NPR,sourceSystemID_0000,vendor_0003,False,00001,2000000003_00001,True
batch_00,batch_00,SRM: In Transfer to Execution Syst.,28.0,2018-01-08 07:21:00+00:00,Enterprise Services,companyID_0000,EC Purchase order,Office Supplies,2000000003,Purchase order,vendorID_0003,Standard,"3-way match, invoice before GR",NPR,sourceSystemID_0000,vendor_0003,False,00001,2000000003_00001,True
batch_00,batch_00,SRM: Ordered,28.0,2018-01-08 07:21:00+00:00,Enterprise Services,companyID_0000,EC Purchase order,Office Supplies,2000000003,Purchase order,vendorID_0003,Standard,"3-way match, invoice before GR",NPR,sourceSystemID_0000,vendor_0003,False,00001,2000000003_00001,True
batch_00,batch_00,SRM: Change was Transmitted,28.0,2018-01-08 07:21:00+00:00,Enterprise Services,companyID_0000,EC Purchase order,Office Supplies,2000000003,Purchase order,vendorID_0003,Standard,"3-way match, invoice before GR",NPR,sourceSystemID_0000,vendor_0003,False,00001,2000000003_00001,True
user_000,user_000,Create Purchase Order Item,28.0,2018-01-08 07:21:00+00:00,Enterprise Services,companyID_0000,EC Purchase order,Office Supplies,2000000003,Purchase order,vendorID_0003,Standard,"3-way match, invoice before GR",NPR,sourceSystemID_0000,vendor_0003,False,00001,2000000003_00001,True
NONE,NONE,Vendor creates invoice,28.0,2018-01-08 22:59:00+00:00,Enterprise Services,companyID_0000,EC Purchase order,Office Supplies,2000000003,Purchase order,vendorID_0003,Standard,"3-way match, invoice before GR",NPR,sourceSystemID_0000,vendor_0003,False,00001,2000000003_00001,True
user_000,user_000,Record Goods Receipt,28.0,2018-01-12 13:14:00+00:00,Enterprise Services,companyID_0000,EC Purchase order,Office Supplies,2000000003,Purchase order,vendorID_0003,Standard,"3-way match, invoice before GR",NPR,sourceSystemID_0000,vendor_0003,False,00001,2000000003_00001,True
user_001,user_001,Record Invoice Receipt,28.0,2018-02-12 15:58:00+00:00,Enterprise Services,companyID_0000,EC Purchase order,Office Supplies,2000000003,Purchase order,vendorID_0003,Standard,"3-way match, invoice before GR",NPR,sourceSystemID_0000,vendor_0003,False,00001,2000000003_00001,True
user_005,user_005,Clear Invoice,28.0,2018-03-08 12:21:00+00:00,Enterprise Services,companyID_0000,EC Purchase order,Office Supplies,2000000003,Purchase order,vendorID_0003,Standard,"3-way match, invoice before GR",NPR,sourceSystemID_0000,vendor_0003,False,00001,2000000003_00001,True
batch_00,batch_00,SRM: Created,37.0,2018-01-08 06:21:00+00:00,Enterprise Services,companyID_0000,EC Purchase order,Office Supplies,2000000003,Purchase order,vendorID_0003,Standard,"3-way match, invoice before GR",NPR,sourceSystemID_0000,vendor_0003,False,00002,2000000003_00002,True
batch_00,batch_00,SRM: Complete,37.0,2018-01-08 07:21:00+00:00,Enterprise Services,companyID_0000,EC Purchase order,Office Supplies,2000000003,Purchase order,vendorID_0003,Standard,"3-way match, invoice before GR",NPR,sourceSystemID_0000,vendor_0003,False,00002,2000000003_00002,True
batch_00,batch_00,SRM: Awaiting Approval,37.0,2018-01-08 07:21:00+00:00,Enterprise Services,companyID_0000,EC Purchase order,Office Supplies,2000000003,Purchase order,vendorID_0003,Standard,"3-way match, invoice before GR",NPR,sourceSystemID_0000,vendor_0003,False,00002,2000000003_00002,True
batch_00,batch_00,SRM: Document Completed,37.0,2018-01-08 07:21:00+00:00,Enterprise Services,companyID_0000,EC Purchase order,Office Supplies,2000000003,Purchase order,vendorID_0003,Standard,"3-way match, invoice before GR",NPR,sourceSystemID_0000,vendor_0003,False,00002,2000000003_00002,True
batch_00,batch_00,SRM: In Transfer to Execution Syst.,37.0,2018-01-08 07:21:00+00:00,Enterprise Services,companyID_0000,EC Purchase order,Office Supplies,2000000003,Purchase order,vendorID_0003,Standard,"3-way match, invoice before GR",NPR,sourceSystemID_0000,vendor_0003,False,00002,2000000003_00002,True
batch_00,batch_00,SRM: Ordered,37.0,2018-01-08 07:21:00+00:00,Enterprise Services,companyID_0000,EC Purchase order,Office Supplies,2000000003,Purchase order,vendorID_0003,Standard,"3-way match, invoice before GR",NPR,sourceSystemID_0000,vendor_0003,False,00002,2000000003_00002,True
batch_00,batch_00,SRM: Change was Transmitted,37.0,2018-01-08 07:21:00+00:00,Enterprise Services,companyID_0000,EC Purchase order,Office Supplies,2000000003,Purchase order,vendorID_0003,Standard,"3-way match, invoice before GR",NPR,sourceSystemID_0000,vendor_0003,False,00002,2000000003_00002,True
user_000,user_000,Create Purchase Order Item,37.0,2018-01-08 07:21:00+00:00,Enterprise Services,companyID_0000,EC Purchase order,Office Supplies,2000000003,Purchase order,vendorID_0003,Standard,"3-way match, invoice before GR",NPR,sourceSystemID_0000,vendor_0003,False,00002,2000000003_00002,True
NONE,NONE,Vendor creates invoice,37.0,2018-01-08 22:59:00+00:00,Enterprise Services,companyID_0000,EC Purchase order,Office Supplies,2000000003,Purchase order,vendorID_0003,Standard,"3-way match, invoice before GR",NPR,sourceSystemID_0000,vendor_0003,False,00002,2000000003_00002,True
user_000,user_000,Record Goods Receipt,37.0,2018-01-12 13:14:00+00:00,Enterprise Services,companyID_0000,EC Purchase order,Office Supplies,2000000003,Purchase order,vendorID_0003,Standard,"3-way match, invoice before GR",NPR,sourceSystemID_0000,vendor_0003,False,00002,2000000003_00002,True
user_001,user_001,Record Invoice Receipt,37.0,2018-02-12 15:58:00+00:00,Enterprise Services,companyID_0000,EC Purchase order,Office Supplies,2000000003,Purchase order,vendorID_0003,Standard,"3-way match, invoice before GR",NPR,sourceSystemID_0000,vendor_0003,False,00002,2000000003_00002,True
user_005,user_005,Clear Invoice,37.0,2018-03-08 12:21:00+00:00,Enterprise Services,companyID_0000,EC Purchase order,Office Supplies,2000000003,Purchase order,vendorID_0003,Standard,"3-way match, invoice before GR",NPR,sourceSystemID_0000,vendor_0003,False,00002,2000000003_00002,True
batch_00,batch_00,SRM: Created,44.0,2018-01-08 06:21:00+00:00,Enterprise Services,companyID_0000,EC Purchase order,Office Supplies,2000000003,Purchase order,vendorID_0003,Standard,"3-way match, invoice before GR",NPR,sourceSystemID_0000,vendor_0003,False,00003,2000000003_00003,True
batch_00,batch_00,SRM: Complete,44.0,2018-01-08 07:21:00+00:00,Enterprise Services,companyID_0000,EC Purchase order,Office Supplies,2000000003,Purchase order,vendorID_0003,Standard,"3-way match, invoice before GR",NPR,sourceSystemID_0000,vendor_0003,False,00003,2000000003_00003,True
batch_00,batch_00,SRM: Awaiting Approval,44.0,2018-01-08 07:21:00+00:00,Enterprise Services,companyID_0000,EC Purchase order,Office Supplies,2000000003,Purchase order,vendorID_0003,Standard,"3-way match, invoice before GR",NPR,sourceSystemID_0000,vendor_0003,False,00003,2000000003_00003,True
batch_00,batch_00,SRM: Document Completed,44.0,2018-01-08 07:21:00+00:00,Enterprise Services,companyID_0000,EC Purchase order,Office Supplies,2000000003,Purchase order,vendorID_0003,Standard,"3-way match, invoice before GR",NPR,sourceSystemID_0000,vendor_0003,False,00003,2000000003_00003,True
batch_00,batch_00,SRM: In Transfer to Execution Syst.,44.0,2018-01-08 07:21:00+00:00,Enterprise Services,companyID_0000,EC Purchase order,Office Supplies,2000000003,Purchase order,vendorID_0003,Standard,"3-way match, invoice before GR",NPR,sourceSystemID_0000,vendor_0003,False,00003,2000000003_00003,True
batch_00,batch_00,SRM: Ordered,44.0,2018-01-08 07:21:00+00:00,Enterprise Services,companyID_0000,EC Purchase order,Office Supplies,2000000003,Purchase order,vendorID_0003,Standard,"3-way match, invoice before GR",NPR,sourceSystemID_0000,vendor_0003,False,00003,2000000003_00003,True
batch_00,batch_00,SRM: Change was Transmitted,44.0,2018-01-08 07:21:00+00:00,Enterprise Services,companyID_0000,EC Purchase order,Office Supplies,2000000003,Purchase order,vendorID_0003,Standard,"3-way match, invoice before GR",NPR,sourceSystemID_0000,vendor_0003,False,00003,2000000003_00003,True
user_000,user_000,Create Purchase Order Item,44.0,2018-01-08 07:21:00+00:00,Enterprise Services,companyID_0000,EC Purchase order,Office Supplies,2000000003,Purchase order,vendorID_0003,Standard,"3-way match, invoice before GR",NPR,sourceSystemID_0000,vendor_0003,False,00003,2000000003_00003,True
NONE,NONE,Vendor creates invoice,44.0,2018-01-08 22:59:00+00:00,Enterprise Services,companyID_0000,EC Purchase order,Office Supplies,2000000003,Purchase order,vendorID_0003,Standard,"3-way match, invoice before GR",NPR,sourceSystemID_0000,vendor_0003,False,00003,2000000003_00003,True
user_000,user_000,Record Goods Receipt,44.0,2018-01-12 13:14:00+00:00,Enterprise Services,companyID_0000,EC Purchase order,Office Supplies,2000000003,Purchase order,vendorID_0003,Standard,"3-way match, invoice before GR",NPR,sourceSystemID_0000,vendor_0003,False,00003,2000000003_00003,True
user_001,user_001,Record Invoice Receipt,44.0,2018-02-12 15:58:00+00:00,Enterprise Services,companyID_0000,EC Purchase order,Office Supplies,2000000003,Purchase order,vendorID_0003,Standard,"3-way match, invoice before GR",NPR,sourceSystemID_0000,vendor_0003,False,00003,2000000003_00003,True
user_005,user_005,Clear Invoice,44.0,2018-03-08 12:21:00+00:00,Enterprise Services,companyID_0000,EC Purchase order,Office Supplies,2000000003,Purchase order,vendorID_0003,Standard,"3-way match, invoice before GR",NPR,sourceSystemID_0000,vendor_0003,False,00003,2000000003_00003,True
batch_00,batch_00,SRM: Created,166.0,2018-01-08 06:21:00+00:00,CAPEX & SOCS,companyID_0000,EC Purchase order,Facility Management,2000000004,Purchase order,vendorID_0000,Standard,"3-way match, invoice before GR",NPR,sourceSystemID_0000,vendor_0000,False,00001,2000000004_00001,True
batch_00,batch_00,SRM: Complete,166.0,2018-01-08 07:21:00+00:00,CAPEX & SOCS,companyID_0000,EC Purchase order,Facility Management,2000000004,Purchase order,vendorID_0000,Standard,"3-way match, invoice before GR",NPR,sourceSystemID_0000,vendor_0000,False,00001,2000000004_00001,True
batch_00,batch_00,SRM: Awaiting Approval,166.0,2018-01-08 07:21:00+00:00,CAPEX & SOCS,companyID_0000,EC Purchase order,Facility Management,2000000004,Purchase order,vendorID_0000,Standard,"3-way match, invoice before GR",NPR,sourceSystemID_0000,vendor_0000,False,00001,2000000004_00001,True
batch_00,batch_00,SRM: Document Completed,166.0,2018-01-08 07:21:00+00:00,CAPEX & SOCS,companyID_0000,EC Purchase order,Facility Management,2000000004,Purchase order,vendorID_0000,Standard,"3-way match, invoice before GR",NPR,sourceSystemID_0000,vendor_0000,False,00001,2000000004_00001,True
batch_00,batch_00,SRM: In Transfer to Execution Syst.,166.0,2018-01-08 07:21:00+00:00,CAPEX & SOCS,companyID_0000,EC Purchase order,Facility Management,2000000004,Purchase order,vendorID_0000,Standard,"3-way match, invoice before GR",NPR,sourceSystemID_0000,vendor_0000,False,00001,2000000004_00001,True
batch_00,batch_00,SRM: Ordered,166.0,2018-01-08 07:21:00+00:00,CAPEX & SOCS,companyID_0000,EC Purchase order,Facility Management,2000000004,Purchase order,vendorID_0000,Standard,"3-way match, invoice before GR",NPR,sourceSystemID_0000,vendor_0000,False,00001,2000000004_00001,True
batch_00,batch_00,SRM: Change was Transmitted,166.0,2018-01-08 07:21:00+00:00,CAPEX & SOCS,companyID_0000,EC Purchase order,Facility Management,2000000004,Purchase order,vendorID_0000,Standard,"3-way match, invoice before GR",NPR,sourceSystemID_0000,vendor_0000,False,00001,2000000004_00001,True
user_000,user_000,Create Purchase Order Item,166.0,2018-01-08 07:21:00+00:00,CAPEX & SOCS,companyID_0000,EC Purchase order,Facility Management,2000000004,Purchase order,vendorID_0000,Standard,"3-way match, invoice before GR",NPR,sourceSystemID_0000,vendor_0000,False,00001,2000000004_00001,True
NONE,NONE,Vendor creates invoice,166.0,2018-01-08 22:59:00+00:00,CAPEX & SOCS,companyID_0000,EC Purchase order,Facility Management,2000000004,Purchase order,vendorID_0000,Standard,"3-way match, invoice before GR",NPR,sourceSystemID_0000,vendor_0000,False,00001,2000000004_00001,True
user_000,user_000,Record Goods Receipt,166.0,2018-01-12 13:13:00+00:00,CAPEX & SOCS,companyID_0000,EC Purchase order,Facility Management,2000000004,Purchase order,vendorID_0000,Standard,"3-way match, invoice before GR",NPR,sourceSystemID_0000,vendor_0000,False,00001,2000000004_00001,True
batch_00,batch_00,Record Invoice Receipt,166.0,2018-03-05 15:30:00+00:00,CAPEX & SOCS,companyID_0000,EC Purchase order,Facility Management,2000000004,Purchase order,vendorID_0000,Standard,"3-way match, invoice before GR",NPR,sourceSystemID_0000,vendor_0000,False,00001,2000000004_00001,True
user_002,user_002,Clear Invoice,166.0,2018-03-29 13:06:00+00:00,CAPEX & SOCS,companyID_0000,EC Purchase order,Facility Management,2000000004,Purchase order,vendorID_0000,Standard,"3-way match, invoice before GR",NPR,sourceSystemID_0000,vendor_0000,False,00001,2000000004_00001,True
batch_00,batch_00,SRM: Created,433.0,2018-01-08 09:08:00+00:00,Workforce Services,companyID_0000,EC Purchase order,HR Services,2000000005,Purchase order,vendorID_0004,Standard,"3-way match, invoice before GR",NPR,sourceSystemID_0000,vendor_0004,False,00001,2000000005_00001,True
batch_00,batch_00,SRM: Complete,433.0,2018-01-08 10:08:00+00:00,Workforce Services,companyID_0000,EC Purchase order,HR Services,2000000005,Purchase order,vendorID_0004,Standard,"3-way match, invoice before GR",NPR,sourceSystemID_0000,vendor_0004,False,00001,2000000005_00001,True
batch_00,batch_00,SRM: Awaiting Approval,433.0,2018-01-08 10:08:00+00:00,Workforce Services,companyID_0000,EC Purchase order,HR Services,2000000005,Purchase order,vendorID_0004,Standard,"3-way match, invoice before GR",NPR,sourceSystemID_0000,vendor_0004,False,00001,2000000005_00001,True
batch_00,batch_00,SRM: Document Completed,433.0,2018-01-08 10:08:00+00:00,Workforce Services,companyID_0000,EC Purchase order,HR Services,2000000005,Purchase order,vendorID_0004,Standard,"3-way match, invoice before GR",NPR,sourceSystemID_0000,vendor_0004,False,00001,2000000005_00001,True
batch_00,batch_00,SRM: In Transfer to Execution Syst.,433.0,2018-01-08 10:09:00+00:00,Workforce Services,companyID_0000,EC Purchase order,HR Services,2000000005,Purchase order,vendorID_0004,Standard,"3-way match, invoice before GR",NPR,sourceSystemID_0000,vendor_0004,False,00001,2000000005_00001,True
batch_00,batch_00,SRM: Ordered,433.0,2018-01-08 10:09:00+00:00,Workforce Services,companyID_0000,EC Purchase order,HR Services,2000000005,Purchase order,vendorID_0004,Standard,"3-way match, invoice before GR",NPR,sourceSystemID_0000,vendor_0004,False,00001,2000000005_00001,True
user_000,user_000,Create Purchase Order Item,433.0,2018-01-08 10:09:00+00:00,Workforce Services,companyID_0000,EC Purchase order,HR Services,2000000005,Purchase order,vendorID_0004,Standard,"3-way match, invoice before GR",NPR,sourceSystemID_0000,vendor_0004,False,00001,2000000005_00001,True
batch_00,batch_00,SRM: Change was Transmitted,433.0,2018-01-08 10:09:00+00:00,Workforce Services,companyID_0000,EC Purchase order,HR Services,2000000005,Purchase order,vendorID_0004,Standard,"3-way match, invoice before GR",NPR,sourceSystemID_0000,vendor_0004,False,00001,2000000005_00001,True
NONE,NONE,Vendor creates invoice,433.0,2018-01-08 22:59:00+00:00,Workforce Services,companyID_0000,EC Purchase order,HR Services,2000000005,Purchase order,vendorID_0004,Standard,"3-way match, invoice before GR",NPR,sourceSystemID_0000,vendor_0004,False,00001,2000000005_00001,True
NONE,NONE,Vendor creates debit memo,433.0,2018-01-08 22:59:00+00:00,Workforce Services,companyID_0000,EC Purchase order,HR Services,2000000005,Purchase order,vendorID_0004,Standard,"3-way match, invoice before GR",NPR,sourceSystemID_0000,vendor_0004,False,00001,2000000005_00001,True
user_000,user_000,Record Goods Receipt,433.0,2018-01-19 08:09:00+00:00,Workforce Services,companyID_0000,EC Purchase order,HR Services,2000000005,Purchase order,vendorID_0004,Standard,"3-way match, invoice before GR",NPR,sourceSystemID_0000,vendor_0004,False,00001,2000000005_00001,True
user_006,user_006,Record Invoice Receipt,433.0,2018-04-03 04:26:00+00:00,Workforce Services,companyID_0000,EC Purchase order,HR Services,2000000005,Purchase order,vendorID_0004,Standard,"3-way match, invoice before GR",NPR,sourceSystemID_0000,vendor_0004,False,00001,2000000005_00001,True
user_002,user_002,Clear Invoice,433.0,2018-04-05 13:51:00+00:00,Workforce Services,companyID_0000,EC Purchase order,HR Services,2000000005,Purchase order,vendorID_0004,Standard,"3-way match, invoice before GR",NPR,sourceSystemID_0000,vendor_0004,False,00001,2000000005_00001,True
user_007,user_007,Cancel Invoice Receipt,433.0,2018-08-02 07:15:00+00:00,Workforce Services,companyID_0000,EC Purchase order,HR Services,2000000005,Purchase order,vendorID_0004,Standard,"3-way match, invoice before GR",NPR,sourceSystemID_0000,vendor_0004,False,00001,2000000005_00001,True
user_007,user_007,Record Invoice Receipt,433.0,2018-08-02 07:17:00+00:00,Workforce Services,companyID_0000,EC Purchase order,HR Services,2000000005,Purchase order,vendorID_0004,Standard,"3-way match, invoice before GR",NPR,sourceSystemID_0000,vendor_0004,False,00001,2000000005_00001,True
user_007,user_007,Clear Invoice,433.0,2018-08-02 07:19:00+00:00,Workforce Services,companyID_0000,EC Purchase order,HR Services,2000000005,Purchase order,vendorID_0004,Standard,"3-way match, invoice before GR",NPR,sourceSystemID_0000,vendor_0004,False,00001,2000000005_00001,True
batch_00,batch_00,SRM: Created,86.0,2018-01-08 09:08:00+00:00,Workforce Services,companyID_0000,EC Purchase order,HR Services,2000000005,Purchase order,vendorID_0004,Service,"3-way match, invoice after GR",NPR,sourceSystemID_0000,vendor_0004,True,00002,2000000005_00002,True
batch_00,batch_00,SRM: Complete,86.0,2018-01-08 10:08:00+00:00,Workforce Services,companyID_0000,EC Purchase order,HR Services,2000000005,Purchase order,vendorID_0004,Service,"3-way match, invoice after GR",NPR,sourceSystemID_0000,vendor_0004,True,00002,2000000005_00002,True
batch_00,batch_00,SRM: Awaiting Approval,86.0,2018-01-08 10:08:00+00:00,Workforce Services,companyID_0000,EC Purchase order,HR Services,2000000005,Purchase order,vendorID_0004,Service,"3-way match, invoice after GR",NPR,sourceSystemID_0000,vendor_0004,True,00002,2000000005_00002,True
batch_00,batch_00,SRM: Document Completed,86.0,2018-01-08 10:08:00+00:00,Workforce Services,companyID_0000,EC Purchase order,HR Services,2000000005,Purchase order,vendorID_0004,Service,"3-way match, invoice after GR",NPR,sourceSystemID_0000,vendor_0004,True,00002,2000000005_00002,True
batch_00,batch_00,SRM: In Transfer to Execution Syst.,86.0,2018-01-08 10:09:00+00:00,Workforce Services,companyID_0000,EC Purchase order,HR Services,2000000005,Purchase order,vendorID_0004,Service,"3-way match, invoice after GR",NPR,sourceSystemID_0000,vendor_0004,True,00002,2000000005_00002,True
batch_00,batch_00,SRM: Ordered,86.0,2018-01-08 10:09:00+00:00,Workforce Services,companyID_0000,EC Purchase order,HR Services,2000000005,Purchase order,vendorID_0004,Service,"3-way match, invoice after GR",NPR,sourceSystemID_0000,vendor_0004,True,00002,2000000005_00002,True
user_000,user_000,Create Purchase Order Item,86.0,2018-01-08 10:09:00+00:00,Workforce Services,companyID_0000,EC Purchase order,HR Services,2000000005,Purchase order,vendorID_0004,Service,"3-way match, invoice after GR",NPR,sourceSystemID_0000,vendor_0004,True,00002,2000000005_00002,True
batch_00,batch_00,SRM: Change was Transmitted,86.0,2018-01-08 10:09:00+00:00,Workforce Services,companyID_0000,EC Purchase order,HR Services,2000000005,Purchase order,vendorID_0004,Service,"3-way match, invoice after GR",NPR,sourceSystemID_0000,vendor_0004,True,00002,2000000005_00002,True
batch_00,batch_00,SRM: Created,37819.0,2018-01-08 10:33:00+00:00,Marketing,companyID_0000,EC Purchase order,Advertising,2000000006,Purchase order,vendorID_0005,Service,"3-way match, invoice after GR",NPR,sourceSystemID_0000,vendor_0005,True,00001,2000000006_00001,True
batch_00,batch_00,SRM: Complete,37819.0,2018-01-08 11:33:00+00:00,Marketing,companyID_0000,EC Purchase order,Advertising,2000000006,Purchase order,vendorID_0005,Service,"3-way match, invoice after GR",NPR,sourceSystemID_0000,vendor_0005,True,00001,2000000006_00001,True
batch_00,batch_00,SRM: Awaiting Approval,37819.0,2018-01-08 11:33:00+00:00,Marketing,companyID_0000,EC Purchase order,Advertising,2000000006,Purchase order,vendorID_0005,Service,"3-way match, invoice after GR",NPR,sourceSystemID_0000,vendor_0005,True,00001,2000000006_00001,True
batch_00,batch_00,SRM: Document Completed,37819.0,2018-01-08 11:33:00+00:00,Marketing,companyID_0000,EC Purchase order,Advertising,2000000006,Purchase order,vendorID_0005,Service,"3-way match, invoice after GR",NPR,sourceSystemID_0000,vendor_0005,True,00001,2000000006_00001,True
batch_00,batch_00,SRM: In Transfer to Execution Syst.,37819.0,2018-01-08 11:33:00+00:00,Marketing,companyID_0000,EC Purchase order,Advertising,2000000006,Purchase order,vendorID_0005,Service,"3-way match, invoice after GR",NPR,sourceSystemID_0000,vendor_0005,True,00001,2000000006_00001,True
batch_00,batch_00,SRM: Ordered,37819.0,2018-01-08 11:33:00+00:00,Marketing,companyID_0000,EC Purchase order,Advertising,2000000006,Purchase order,vendorID_0005,Service,"3-way match, invoice after GR",NPR,sourceSystemID_0000,vendor_0005,True,00001,2000000006_00001,True
batch_00,batch_00,SRM: Change was Transmitted,37819.0,2018-01-08 11:33:00+00:00,Marketing,companyID_0000,EC Purchase order,Advertising,2000000006,Purchase order,vendorID_0005,Service,"3-way match, invoice after GR",NPR,sourceSystemID_0000,vendor_0005,True,00001,2000000006_00001,True
user_000,user_000,Create Purchase Order Item,37819.0,2018-01-08 11:33:00+00:00,Marketing,companyID_0000,EC Purchase order,Advertising,2000000006,Purchase order,vendorID_0005,Service,"3-way match, invoice after GR",NPR,sourceSystemID_0000,vendor_0005,True,00001,2000000006_00001,True
NONE,NONE,Vendor creates invoice,37819.0,2018-01-08 22:59:00+00:00,Marketing,companyID_0000,EC Purchase order,Advertising,2000000006,Purchase order,vendorID_0005,Service,"3-way match, invoice after GR",NPR,sourceSystemID_0000,vendor_0005,True,00001,2000000006_00001,True
user_000,user_000,Record Goods Receipt,37819.0,2018-01-09 09:04:00+00:00,Marketing,companyID_0000,EC Purchase order,Advertising,2000000006,Purchase order,vendorID_0005,Service,"3-way match, invoice after GR",NPR,sourceSystemID_0000,vendor_0005,True,00001,2000000006_00001,True
NONE,NONE,Record Service Entry Sheet,37819.0,2018-01-09 09:04:00+00:00,Marketing,companyID_0000,EC Purchase order,Advertising,2000000006,Purchase order,vendorID_0005,Service,"3-way match, invoice after GR",NPR,sourceSystemID_0000,vendor_0005,True,00001,2000000006_00001,True
user_007,user_007,Record Invoice Receipt,37819.0,2018-01-09 11:59:00+00:00,Marketing,companyID_0000,EC Purchase order,Advertising,2000000006,Purchase order,vendorID_0005,Service,"3-way match, invoice after GR",NPR,sourceSystemID_0000,vendor_0005,True,00001,2000000006_00001,True
user_002,user_002,Clear Invoice,37819.0,2018-02-23 11:14:00+00:00,Marketing,companyID_0000,EC Purchase order,Advertising,2000000006,Purchase order,vendorID_0005,Service,"3-way match, invoice after GR",NPR,sourceSystemID_0000,vendor_0005,True,00001,2000000006_00001,True
user_003,user_003,SRM: In Transfer to Execution Syst.,37819.0,2019-01-17 10:59:00+00:00,Marketing,companyID_0000,EC Purchase order,Advertising,2000000006,Purchase order,vendorID_0005,Service,"3-way match, invoice after GR",NPR,sourceSystemID_0000,vendor_0005,True,00001,2000000006_00001,True
user_000,user_000,Change Delivery Indicator,37819.0,2019-01-17 10:59:00+00:00,Marketing,companyID_0000,EC Purchase order,Advertising,2000000006,Purchase order,vendorID_0005,Service,"3-way match, invoice after GR",NPR,sourceSystemID_0000,vendor_0005,True,00001,2000000006_00001,True
batch_00,batch_00,SRM: Created,3227.0,2018-01-08 12:12:00+00:00,Enterprise Services,companyID_0000,EC Purchase order,ICT Software,2000000007,Purchase order,vendorID_0006,Standard,"3-way match, invoice before GR",NPR,sourceSystemID_0000,vendor_0006,False,00001,2000000007_00001,True
batch_00,batch_00,SRM: Complete,3227.0,2018-01-08 13:12:00+00:00,Enterprise Services,companyID_0000,EC Purchase order,ICT Software,2000000007,Purchase order,vendorID_0006,Standard,"3-way match, invoice before GR",NPR,sourceSystemID_0000,vendor_0006,False,00001,2000000007_00001,True
batch_00,batch_00,SRM: Awaiting Approval,3227.0,2018-01-08 13:12:00+00:00,Enterprise Services,companyID_0000,EC Purchase order,ICT Software,2000000007,Purchase order,vendorID_0006,Standard,"3-way match, invoice before GR",NPR,sourceSystemID_0000,vendor_0006,False,00001,2000000007_00001,True
batch_00,batch_00,SRM: Document Completed,3227.0,2018-01-08 13:12:00+00:00,Enterprise Services,companyID_0000,EC Purchase order,ICT Software,2000000007,Purchase order,vendorID_0006,Standard,"3-way match, invoice before GR",NPR,sourceSystemID_0000,vendor_0006,False,00001,2000000007_00001,True
batch_00,batch_00,SRM: In Transfer to Execution Syst.,3227.0,2018-01-08 13:12:00+00:00,Enterprise Services,companyID_0000,EC Purchase order,ICT Software,2000000007,Purchase order,vendorID_0006,Standard,"3-way match, invoice before GR",NPR,sourceSystemID_0000,vendor_0006,False,00001,2000000007_00001,True
batch_00,batch_00,SRM: Ordered,3227.0,2018-01-08 13:12:00+00:00,Enterprise Services,companyID_0000,EC Purchase order,ICT Software,2000000007,Purchase order,vendorID_0006,Standard,"3-way match, invoice before GR",NPR,sourceSystemID_0000,vendor_0006,False,00001,2000000007_00001,True
batch_00,batch_00,SRM: Change was Transmitted,3227.0,2018-01-08 13:12:00+00:00,Enterprise Services,companyID_0000,EC Purchase order,ICT Software,2000000007,Purchase order,vendorID_0006,Standard,"3-way match, invoice before GR",NPR,sourceSystemID_0000,vendor_0006,False,00001,2000000007_00001,True
user_000,user_000,Create Purchase Order Item,3227.0,2018-01-08 13:12:00+00:00,Enterprise Services,companyID_0000,EC Purchase order,ICT Software,2000000007,Purchase order,vendorID_0006,Standard,"3-way match, invoice before GR",NPR,sourceSystemID_0000,vendor_0006,False,00001,2000000007_00001,True
NONE,NONE,Vendor creates invoice,3227.0,2018-01-08 22:59:00+00:00,Enterprise Services,companyID_0000,EC Purchase order,ICT Software,2000000007,Purchase order,vendorID_0006,Standard,"3-way match, invoice before GR",NPR,sourceSystemID_0000,vendor_0006,False,00001,2000000007_00001,True
user_008,user_008,Record Invoice Receipt,3227.0,2018-01-17 08:11:00+00:00,Enterprise Services,companyID_0000,EC Purchase order,ICT Software,2000000007,Purchase order,vendorID_0006,Standard,"3-way match, invoice before GR",NPR,sourceSystemID_0000,vendor_0006,False,00001,2000000007_00001,True
user_000,user_000,Record Goods Receipt,3227.0,2018-02-21 12:53:00+00:00,Enterprise Services,companyID_0000,EC Purchase order,ICT Software,2000000007,Purchase order,vendorID_0006,Standard,"3-way match, invoice before GR",NPR,sourceSystemID_0000,vendor_0006,False,00001,2000000007_00001,True
user_006,user_006,Remove Payment Block,3227.0,2018-02-21 12:55:00+00:00,Enterprise Services,companyID_0000,EC Purchase order,ICT Software,2000000007,Purchase order,vendorID_0006,Standard,"3-way match, invoice before GR",NPR,sourceSystemID_0000,vendor_0006,False,00001,2000000007_00001,True
user_005,user_005,Clear Invoice,3227.0,2018-03-08 12:22:00+00:00,Enterprise Services,companyID_0000,EC Purchase order,ICT Software,2000000007,Purchase order,vendorID_0006,Standard,"3-way match, invoice before GR",NPR,sourceSystemID_0000,vendor_0006,False,00001,2000000007_00001,True
batch_00,batch_00,SRM: Created,18186.0,2018-01-08 14:36:00+00:00,Enterprise Services,companyID_0000,EC Purchase order,ICT Software,2000000008,Purchase order,vendorID_0007,Service,"3-way match, invoice after GR",NPR,sourceSystemID_0000,vendor_0007,True,00001,2000000008_00001,True
batch_00,batch_00,SRM: Complete,18186.0,2018-01-08 15:36:00+00:00,Enterprise Services,companyID_0000,EC Purchase order,ICT Software,2000000008,Purchase order,vendorID_0007,Service,"3-way match, invoice after GR",NPR,sourceSystemID_0000,vendor_0007,True,00001,2000000008_00001,True
batch_00,batch_00,SRM: Awaiting Approval,18186.0,2018-01-08 15:36:00+00:00,Enterprise Services,companyID_0000,EC Purchase order,ICT Software,2000000008,Purchase order,vendorID_0007,Service,"3-way match, invoice after GR",NPR,sourceSystemID_0000,vendor_0007,True,00001,2000000008_00001,True
batch_00,batch_00,SRM: Document Completed,18186.0,2018-01-08 15:36:00+00:00,Enterprise Services,companyID_0000,EC Purchase order,ICT Software,2000000008,Purchase order,vendorID_0007,Service,"3-way match, invoice after GR",NPR,sourceSystemID_0000,vendor_0007,True,00001,2000000008_00001,True
batch_00,batch_00,SRM: In Transfer to Execution Syst.,18186.0,2018-01-08 15:36:00+00:00,Enterprise Services,companyID_0000,EC Purchase order,ICT Software,2000000008,Purchase order,vendorID_0007,Service,"3-way match, invoice after GR",NPR,sourceSystemID_0000,vendor_0007,True,00001,2000000008_00001,True
batch_00,batch_00,SRM: Ordered,18186.0,2018-01-08 15:36:00+00:00,Enterprise Services,companyID_0000,EC Purchase order,ICT Software,2000000008,Purchase order,vendorID_0007,Service,"3-way match, invoice after GR",NPR,sourceSystemID_0000,vendor_0007,True,00001,2000000008_00001,True
batch_00,batch_00,SRM: Change was Transmitted,18186.0,2018-01-08 15:36:00+00:00,Enterprise Services,companyID_0000,EC Purchase order,ICT Software,2000000008,Purchase order,vendorID_0007,Service,"3-way match, invoice after GR",NPR,sourceSystemID_0000,vendor_0007,True,00001,2000000008_00001,True
user_000,user_000,Create Purchase Order Item,18186.0,2018-01-08 15:36:00+00:00,Enterprise Services,companyID_0000,EC Purchase order,ICT Software,2000000008,Purchase order,vendorID_0007,Service,"3-way match, invoice after GR",NPR,sourceSystemID_0000,vendor_0007,True,00001,2000000008_00001,True
NONE,NONE,Vendor creates invoice,18186.0,2018-01-10 22:59:00+00:00,Enterprise Services,companyID_0000,EC Purchase order,ICT Software,2000000008,Purchase order,vendorID_0007,Service,"3-way match, invoice after GR",NPR,sourceSystemID_0000,vendor_0007,True,00001,2000000008_00001,True
user_000,user_000,Record Goods Receipt,18186.0,2018-01-15 11:53:00+00:00,Enterprise Services,companyID_0000,EC Purchase order,ICT Software,2000000008,Purchase order,vendorID_0007,Service,"3-way match, invoice after GR",NPR,sourceSystemID_0000,vendor_0007,True,00001,2000000008_00001,True
NONE,NONE,Record Service Entry Sheet,18186.0,2018-01-15 11:53:00+00:00,Enterprise Services,companyID_0000,EC Purchase order,ICT Software,2000000008,Purchase order,vendorID_0007,Service,"3-way match, invoice after GR",NPR,sourceSystemID_0000,vendor_0007,True,00001,2000000008_00001,True
batch_00,batch_00,Record Invoice Receipt,18186.0,2018-01-17 14:49:00+00:00,Enterprise Services,companyID_0000,EC Purchase order,ICT Software,2000000008,Purchase order,vendorID_0007,Service,"3-way match, invoice after GR",NPR,sourceSystemID_0000,vendor_0007,True,00001,2000000008_00001,True
user_002,user_002,Clear Invoice,18186.0,2018-02-22 15:18:00+00:00,Enterprise Services,companyID_0000,EC Purchase order,ICT Software,2000000008,Purchase order,vendorID_0007,Service,"3-way match, invoice after GR",NPR,sourceSystemID_0000,vendor_0007,True,00001,2000000008_00001,True
NONE,NONE,Vendor creates invoice,1039.0,2018-01-02 22:59:00+00:00,CAPEX & SOCS,companyID_0000,EC Purchase order,Laboratory Supplies & Services,2000000009,Purchase order,vendorID_0008,Service,"3-way match, invoice after GR",NPR,sourceSystemID_0000,vendor_0008,True,00001,2000000009_00001,True
batch_00,batch_00,SRM: Created,1039.0,2018-01-09 12:14:00+00:00,CAPEX & SOCS,companyID_0000,EC Purchase order,Laboratory Supplies & Services,2000000009,Purchase order,vendorID_0008,Service,"3-way match, invoice after GR",NPR,sourceSystemID_0000,vendor_0008,True,00001,2000000009_00001,True
batch_00,batch_00,SRM: Complete,1039.0,2018-01-09 13:14:00+00:00,CAPEX & SOCS,companyID_0000,EC Purchase order,Laboratory Supplies & Services,2000000009,Purchase order,vendorID_0008,Service,"3-way match, invoice after GR",NPR,sourceSystemID_0000,vendor_0008,True,00001,2000000009_00001,True
batch_00,batch_00,SRM: Awaiting Approval,1039.0,2018-01-09 13:14:00+00:00,CAPEX & SOCS,companyID_0000,EC Purchase order,Laboratory Supplies & Services,2000000009,Purchase order,vendorID_0008,Service,"3-way match, invoice after GR",NPR,sourceSystemID_0000,vendor_0008,True,00001,2000000009_00001,True
batch_00,batch_00,SRM: Document Completed,1039.0,2018-01-09 13:14:00+00:00,CAPEX & SOCS,companyID_0000,EC Purchase order,Laboratory Supplies & Services,2000000009,Purchase order,vendorID_0008,Service,"3-way match, invoice after GR",NPR,sourceSystemID_0000,vendor_0008,True,00001,2000000009_00001,True
batch_00,batch_00,SRM: In Transfer to Execution Syst.,1039.0,2018-01-09 13:14:00+00:00,CAPEX & SOCS,companyID_0000,EC Purchase order,Laboratory Supplies & Services,2000000009,Purchase order,vendorID_0008,Service,"3-way match, invoice after GR",NPR,sourceSystemID_0000,vendor_0008,True,00001,2000000009_00001,True
batch_00,batch_00,SRM: Ordered,1039.0,2018-01-09 13:14:00+00:00,CAPEX & SOCS,companyID_0000,EC Purchase order,Laboratory Supplies & Services,2000000009,Purchase order,vendorID_0008,Service,"3-way match, invoice after GR",NPR,sourceSystemID_0000,vendor_0008,True,00001,2000000009_00001,True
user_000,user_000,Create Purchase Order Item,1039.0,2018-01-09 13:14:00+00:00,CAPEX & SOCS,companyID_0000,EC Purchase order,Laboratory Supplies & Services,2000000009,Purchase order,vendorID_0008,Service,"3-way match, invoice after GR",NPR,sourceSystemID_0000,vendor_0008,True,00001,2000000009_00001,True
batch_00,batch_00,SRM: Change was Transmitted,1039.0,2018-01-09 13:14:00+00:00,CAPEX & SOCS,companyID_0000,EC Purchase order,Laboratory Supplies & Services,2000000009,Purchase order,vendorID_0008,Service,"3-way match, invoice after GR",NPR,sourceSystemID_0000,vendor_0008,True,00001,2000000009_00001,True
NONE,NONE,Record Service Entry Sheet,1039.0,2018-03-08 07:27:00+00:00,CAPEX & SOCS,companyID_0000,EC Purchase order,Laboratory Supplies & Services,2000000009,Purchase order,vendorID_0008,Service,"3-way match, invoice after GR",NPR,sourceSystemID_0000,vendor_0008,True,00001,2000000009_00001,True
user_000,user_000,Record Goods Receipt,1039.0,2018-03-08 07:27:00+00:00,CAPEX & SOCS,companyID_0000,EC Purchase order,Laboratory Supplies & Services,2000000009,Purchase order,vendorID_0008,Service,"3-way match, invoice after GR",NPR,sourceSystemID_0000,vendor_0008,True,00001,2000000009_00001,True
user_001,user_001,Record Invoice Receipt,1039.0,2018-03-09 15:47:00+00:00,CAPEX & SOCS,companyID_0000,EC Purchase order,Laboratory Supplies & Services,2000000009,Purchase order,vendorID_0008,Service,"3-way match, invoice after GR",NPR,sourceSystemID_0000,vendor_0008,True,00001,2000000009_00001,True
user_005,user_005,Clear Invoice,1039.0,2018-03-15 13:13:00+00:00,CAPEX & SOCS,companyID_0000,EC Purchase order,Laboratory Supplies & Services,2000000009,Purchase order,vendorID_0008,Service,"3-way match, invoice after GR",NPR,sourceSystemID_0000,vendor_0008,True,00001,2000000009_00001,True
batch_00,batch_00,SRM: Created,1668264.0,2018-01-09 14:30:00+00:00,Marketing,companyID_0000,EC Purchase order,Digital Marketing,2000000010,Purchase order,vendorID_0009,Service,"3-way match, invoice after GR",NPR,sourceSystemID_0000,vendor_0009,True,00001,2000000010_00001,True
batch_00,batch_00,SRM: Complete,1668264.0,2018-01-09 15:30:00+00:00,Marketing,companyID_0000,EC Purchase order,Digital Marketing,2000000010,Purchase order,vendorID_0009,Service,"3-way match, invoice after GR",NPR,sourceSystemID_0000,vendor_0009,True,00001,2000000010_00001,True
batch_00,batch_00,SRM: Awaiting Approval,1668264.0,2018-01-09 15:30:00+00:00,Marketing,companyID_0000,EC Purchase order,Digital Marketing,2000000010,Purchase order,vendorID_0009,Service,"3-way match, invoice after GR",NPR,sourceSystemID_0000,vendor_0009,True,00001,2000000010_00001,True
batch_00,batch_00,SRM: Document Completed,1668264.0,2018-01-09 15:30:00+00:00,Marketing,companyID_0000,EC Purchase order,Digital Marketing,2000000010,Purchase order,vendorID_0009,Service,"3-way match, invoice after GR",NPR,sourceSystemID_0000,vendor_0009,True,00001,2000000010_00001,True
batch_00,batch_00,SRM: Ordered,1668264.0,2018-01-09 15:30:00+00:00,Marketing,companyID_0000,EC Purchase order,Digital Marketing,2000000010,Purchase order,vendorID_0009,Service,"3-way match, invoice after GR",NPR,sourceSystemID_0000,vendor_0009,True,00001,2000000010_00001,True
batch_00,batch_00,SRM: In Transfer to Execution Syst.,1668264.0,2018-01-09 15:30:00+00:00,Marketing,companyID_0000,EC Purchase order,Digital Marketing,2000000010,Purchase order,vendorID_0009,Service,"3-way match, invoice after GR",NPR,sourceSystemID_0000,vendor_0009,True,00001,2000000010_00001,True
batch_00,batch_00,SRM: Change was Transmitted,1668264.0,2018-01-09 15:30:00+00:00,Marketing,companyID_0000,EC Purchase order,Digital Marketing,2000000010,Purchase order,vendorID_0009,Service,"3-way match, invoice after GR",NPR,sourceSystemID_0000,vendor_0009,True,00001,2000000010_00001,True
user_000,user_000,Create Purchase Order Item,1668264.0,2018-01-09 15:30:00+00:00,Marketing,companyID_0000,EC Purchase order,Digital Marketing,2000000010,Purchase order,vendorID_0009,Service,"3-way match, invoice after GR",NPR,sourceSystemID_0000,vendor_0009,True,00001,2000000010_00001,True
NONE,NONE,Vendor creates invoice,1668264.0,2018-01-09 22:59:00+00:00,Marketing,companyID_0000,EC Purchase order,Digital Marketing,2000000010,Purchase order,vendorID_0009,Service,"3-way match, invoice after GR",NPR,sourceSystemID_0000,vendor_0009,True,00001,2000000010_00001,True
user_000,user_000,Record Goods Receipt,1668264.0,2018-01-10 15:11:00+00:00,Marketing,companyID_0000,EC Purchase order,Digital Marketing,2000000010,Purchase order,vendorID_0009,Service,"3-way match, invoice after GR",NPR,sourceSystemID_0000,vendor_0009,True,00001,2000000010_00001,True
NONE,NONE,Record Service Entry Sheet,1668264.0,2018-01-10 15:11:00+00:00,Marketing,companyID_0000,EC Purchase order,Digital Marketing,2000000010,Purchase order,vendorID_0009,Service,"3-way match, invoice after GR",NPR,sourceSystemID_0000,vendor_0009,True,00001,2000000010_00001,True
user_011,user_011,Record Invoice Receipt,1668264.0,2018-01-16 09:49:00+00:00,Marketing,companyID_0000,EC Purchase order,Digital Marketing,2000000010,Purchase order,vendorID_0009,Service,"3-way match, invoice after GR",NPR,sourceSystemID_0000,vendor_0009,True,00001,2000000010_00001,True
user_002,user_002,Clear Invoice,1668264.0,2018-03-29 13:11:00+00:00,Marketing,companyID_0000,EC Purchase order,Digital Marketing,2000000010,Purchase order,vendorID_0009,Service,"3-way match, invoice after GR",NPR,sourceSystemID_0000,vendor_0009,True,00001,2000000010_00001,True
user_009,user_009,SRM: Created,1668264.0,2018-09-05 09:43:00+00:00,Marketing,companyID_0000,EC Purchase order,Digital Marketing,2000000010,Purchase order,vendorID_0009,Service,"3-way match, invoice after GR",NPR,sourceSystemID_0000,vendor_0009,True,00001,2000000010_00001,True
user_009,user_009,SRM: Complete,1668264.0,2018-09-05 11:44:00+00:00,Marketing,companyID_0000,EC Purchase order,Digital Marketing,2000000010,Purchase order,vendorID_0009,Service,"3-way match, invoice after GR",NPR,sourceSystemID_0000,vendor_0009,True,00001,2000000010_00001,True
user_009,user_009,SRM: Awaiting Approval,1668264.0,2018-09-05 11:44:00+00:00,Marketing,companyID_0000,EC Purchase order,Digital Marketing,2000000010,Purchase order,vendorID_0009,Service,"3-way match, invoice after GR",NPR,sourceSystemID_0000,vendor_0009,True,00001,2000000010_00001,True
user_009,user_009,SRM: Document Completed,1668264.0,2018-09-05 11:44:00+00:00,Marketing,companyID_0000,EC Purchase order,Digital Marketing,2000000010,Purchase order,vendorID_0009,Service,"3-way match, invoice after GR",NPR,sourceSystemID_0000,vendor_0009,True,00001,2000000010_00001,True
batch_00,batch_00,SRM: Ordered,1668264.0,2018-09-05 14:34:00+00:00,Marketing,companyID_0000,EC Purchase order,Digital Marketing,2000000010,Purchase order,vendorID_0009,Service,"3-way match, invoice after GR",NPR,sourceSystemID_0000,vendor_0009,True,00001,2000000010_00001,True
batch_00,batch_00,SRM: In Transfer to Execution Syst.,1668264.0,2018-09-05 14:34:00+00:00,Marketing,companyID_0000,EC Purchase order,Digital Marketing,2000000010,Purchase order,vendorID_0009,Service,"3-way match, invoice after GR",NPR,sourceSystemID_0000,vendor_0009,True,00001,2000000010_00001,True
batch_00,batch_00,SRM: Deleted,1668264.0,2018-09-05 14:34:00+00:00,Marketing,companyID_0000,EC Purchase order,Digital Marketing,2000000010,Purchase order,vendorID_0009,Service,"3-way match, invoice after GR",NPR,sourceSystemID_0000,vendor_0009,True,00001,2000000010_00001,True
user_000,user_000,Change Price,1668264.0,2018-09-05 14:34:00+00:00,Marketing,companyID_0000,EC Purchase order,Digital Marketing,2000000010,Purchase order,vendorID_0009,Service,"3-way match, invoice after GR",NPR,sourceSystemID_0000,vendor_0009,True,00001,2000000010_00001,True
NONE,NONE,Vendor creates invoice,1668264.0,2018-09-07 21:59:00+00:00,Marketing,companyID_0000,EC Purchase order,Digital Marketing,2000000010,Purchase order,vendorID_0009,Service,"3-way match, invoice after GR",NPR,sourceSystemID_0000,vendor_0009,True,00001,2000000010_00001,True
user_000,user_000,Record Goods Receipt,1668264.0,2018-09-28 08:28:00+00:00,Marketing,companyID_0000,EC Purchase order,Digital Marketing,2000000010,Purchase order,vendorID_0009,Service,"3-way match, invoice after GR",NPR,sourceSystemID_0000,vendor_0009,True,00001,2000000010_00001,True
NONE,NONE,Record Service Entry Sheet,1668264.0,2018-09-28 08:28:00+00:00,Marketing,companyID_0000,EC Purchase order,Digital Marketing,2000000010,Purchase order,vendorID_0009,Service,"3-way match, invoice after GR",NPR,sourceSystemID_0000,vendor_0009,True,00001,2000000010_00001,True
batch_00,batch_00,Record Invoice Receipt,1668264.0,2018-09-28 11:06:00+00:00,Marketing,companyID_0000,EC Purchase order,Digital Marketing,2000000010,Purchase order,vendorID_0009,Service,"3-way match, invoice after GR",NPR,sourceSystemID_0000,vendor_0009,True,00001,2000000010_00001,True
user_010,user_010,SRM: Created,1668264.0,2018-10-18 12:07:00+00:00,Marketing,companyID_0000,EC Purchase order,Digital Marketing,2000000010,Purchase order,vendorID_0009,Service,"3-way match, invoice after GR",NPR,sourceSystemID_0000,vendor_0009,True,00001,2000000010_00001,True
user_010,user_010,SRM: Complete,1668264.0,2018-10-18 14:08:00+00:00,Marketing,companyID_0000,EC Purchase order,Digital Marketing,2000000010,Purchase order,vendorID_0009,Service,"3-way match, invoice after GR",NPR,sourceSystemID_0000,vendor_0009,True,00001,2000000010_00001,True
user_010,user_010,SRM: Awaiting Approval,1668264.0,2018-10-18 14:08:00+00:00,Marketing,companyID_0000,EC Purchase order,Digital Marketing,2000000010,Purchase order,vendorID_0009,Service,"3-way match, invoice after GR",NPR,sourceSystemID_0000,vendor_0009,True,00001,2000000010_00001,True
user_010,user_010,SRM: Document Completed,1668264.0,2018-10-18 14:08:00+00:00,Marketing,companyID_0000,EC Purchase order,Digital Marketing,2000000010,Purchase order,vendorID_0009,Service,"3-way match, invoice after GR",NPR,sourceSystemID_0000,vendor_0009,True,00001,2000000010_00001,True
batch_00,batch_00,SRM: Ordered,1668264.0,2018-10-22 04:05:00+00:00,Marketing,companyID_0000,EC Purchase order,Digital Marketing,2000000010,Purchase order,vendorID_0009,Service,"3-way match, invoice after GR",NPR,sourceSystemID_0000,vendor_0009,True,00001,2000000010_00001,True
batch_00,batch_00,SRM: In Transfer to Execution Syst.,1668264.0,2018-10-22 04:05:00+00:00,Marketing,companyID_0000,EC Purchase order,Digital Marketing,2000000010,Purchase order,vendorID_0009,Service,"3-way match, invoice after GR",NPR,sourceSystemID_0000,vendor_0009,True,00001,2000000010_00001,True
batch_00,batch_00,SRM: Deleted,1668264.0,2018-10-22 04:05:00+00:00,Marketing,companyID_0000,EC Purchase order,Digital Marketing,2000000010,Purchase order,vendorID_0009,Service,"3-way match, invoice after GR",NPR,sourceSystemID_0000,vendor_0009,True,00001,2000000010_00001,True
user_000,user_000,Change Price,1668264.0,2018-10-22 04:05:00+00:00,Marketing,companyID_0000,EC Purchase order,Digital Marketing,2000000010,Purchase order,vendorID_0009,Service,"3-way match, invoice after GR",NPR,sourceSystemID_0000,vendor_0009,True,00001,2000000010_00001,True
user_002,user_002,Clear Invoice,1668264.0,2018-11-29 15:16:00+00:00,Marketing,companyID_0000,EC Purchase order,Digital Marketing,2000000010,Purchase order,vendorID_0009,Service,"3-way match, invoice after GR",NPR,sourceSystemID_0000,vendor_0009,True,00001,2000000010_00001,True
user_000,user_000,Record Goods Receipt,1668264.0,2018-12-18 16:38:00+00:00,Marketing,companyID_0000,EC Purchase order,Digital Marketing,2000000010,Purchase order,vendorID_0009,Service,"3-way match, invoice after GR",NPR,sourceSystemID_0000,vendor_0009,True,00001,2000000010_00001,True
NONE,NONE,Record Service Entry Sheet,1668264.0,2018-12-18 16:38:00+00:00,Marketing,companyID_0000,EC Purchase order,Digital Marketing,2000000010,Purchase order,vendorID_0009,Service,"3-way match, invoice after GR",NPR,sourceSystemID_0000,vendor_0009,True,00001,2000000010_00001,True
user_003,user_003,SRM: In Transfer to Execution Syst.,1668264.0,2019-01-17 10:59:00+00:00,Marketing,companyID_0000,EC Purchase order,Digital Marketing,2000000010,Purchase order,vendorID_0009,Service,"3-way match, invoice after GR",NPR,sourceSystemID_0000,vendor_0009,True,00001,2000000010_00001,True
user_003,user_003,SRM: Transfer Failed (E.Sys.),1668264.0,2019-01-17 10:59:00+00:00,Marketing,companyID_0000,EC Purchase order,Digital Marketing,2000000010,Purchase order,vendorID_0009,Service,"3-way match, invoice after GR",NPR,sourceSystemID_0000,vendor_0009,True,00001,2000000010_00001,True
batch_00,batch_00,SRM: Created,112583.0,2018-01-09 15:54:00+00:00,Marketing,companyID_0000,EC Purchase order,Digital Marketing,2000000011,Purchase order,vendorID_0010,Service,"3-way match, invoice after GR",NPR,sourceSystemID_0000,vendor_0010,True,00001,2000000011_00001,True
batch_00,batch_00,SRM: Complete,112583.0,2018-01-09 16:54:00+00:00,Marketing,companyID_0000,EC Purchase order,Digital Marketing,2000000011,Purchase order,vendorID_0010,Service,"3-way match, invoice after GR",NPR,sourceSystemID_0000,vendor_0010,True,00001,2000000011_00001,True
batch_00,batch_00,SRM: Awaiting Approval,112583.0,2018-01-09 16:54:00+00:00,Marketing,companyID_0000,EC Purchase order,Digital Marketing,2000000011,Purchase order,vendorID_0010,Service,"3-way match, invoice after GR",NPR,sourceSystemID_0000,vendor_0010,True,00001,2000000011_00001,True
batch_00,batch_00,SRM: Document Completed,112583.0,2018-01-09 16:54:00+00:00,Marketing,companyID_0000,EC Purchase order,Digital Marketing,2000000011,Purchase order,vendorID_0010,Service,"3-way match, invoice after GR",NPR,sourceSystemID_0000,vendor_0010,True,00001,2000000011_00001,True
batch_00,batch_00,SRM: In Transfer to Execution Syst.,112583.0,2018-01-09 16:54:00+00:00,Marketing,companyID_0000,EC Purchase order,Digital Marketing,2000000011,Purchase order,vendorID_0010,Service,"3-way match, invoice after GR",NPR,sourceSystemID_0000,vendor_0010,True,00001,2000000011_00001,True
batch_00,batch_00,SRM: Ordered,112583.0,2018-01-09 16:54:00+00:00,Marketing,companyID_0000,EC Purchase order,Digital Marketing,2000000011,Purchase order,vendorID_0010,Service,"3-way match, invoice after GR",NPR,sourceSystemID_0000,vendor_0010,True,00001,2000000011_00001,True
batch_00,batch_00,SRM: Change was Transmitted,112583.0,2018-01-09 16:54:00+00:00,Marketing,companyID_0000,EC Purchase order,Digital Marketing,2000000011,Purchase order,vendorID_0010,Service,"3-way match, invoice after GR",NPR,sourceSystemID_0000,vendor_0010,True,00001,2000000011_00001,True
user_000,user_000,Create Purchase Order Item,112583.0,2018-01-09 16:54:00+00:00,Marketing,companyID_0000,EC Purchase order,Digital Marketing,2000000011,Purchase order,vendorID_0010,Service,"3-way match, invoice after GR",NPR,sourceSystemID_0000,vendor_0010,True,00001,2000000011_00001,True
NONE,NONE,Vendor creates invoice,112583.0,2018-01-10 22:59:00+00:00,Marketing,companyID_0000,EC Purchase order,Digital Marketing,2000000011,Purchase order,vendorID_0010,Service,"3-way match, invoice after GR",NPR,sourceSystemID_0000,vendor_0010,True,00001,2000000011_00001,True
user_000,user_000,Record Goods Receipt,112583.0,2018-01-11 10:10:00+00:00,Marketing,companyID_0000,EC Purchase order,Digital Marketing,2000000011,Purchase order,vendorID_0010,Service,"3-way match, invoice after GR",NPR,sourceSystemID_0000,vendor_0010,True,00001,2000000011_00001,True
NONE,NONE,Record Service Entry Sheet,112583.0,2018-01-11 10:10:00+00:00,Marketing,companyID_0000,EC Purchase order,Digital Marketing,2000000011,Purchase order,vendorID_0010,Service,"3-way match, invoice after GR",NPR,sourceSystemID_0000,vendor_0010,True,00001,2000000011_00001,True
user_001,user_001,Record Invoice Receipt,112583.0,2018-04-11 14:45:00+00:00,Marketing,companyID_0000,EC Purchase order,Digital Marketing,2000000011,Purchase order,vendorID_0010,Service,"3-way match, invoice after GR",NPR,sourceSystemID_0000,vendor_0010,True,00001,2000000011_00001,True
user_002,user_002,Clear Invoice,112583.0,2018-04-12 12:08:00+00:00,Marketing,companyID_0000,EC Purchase order,Digital Marketing,2000000011,Purchase order,vendorID_0010,Service,"3-way match, invoice after GR",NPR,sourceSystemID_0000,vendor_0010,True,00001,2000000011_00001,True
user_003,user_003,SRM: In Transfer to Execution Syst.,112583.0,2019-01-17 10:59:00+00:00,Marketing,companyID_0000,EC Purchase order,Digital Marketing,2000000011,Purchase order,vendorID_0010,Service,"3-way match, invoice after GR",NPR,sourceSystemID_0000,vendor_0010,True,00001,2000000011_00001,True
user_003,user_003,SRM: Transfer Failed (E.Sys.),112583.0,2019-01-17 10:59:00+00:00,Marketing,companyID_0000,EC Purchase order,Digital Marketing,2000000011,Purchase order,vendorID_0010,Service,"3-way match, invoice after GR",NPR,sourceSystemID_0000,vendor_0010,True,00001,2000000011_00001,True
batch_00,batch_00,SRM: Created,320.0,2018-01-10 14:38:00+00:00,CAPEX & SOCS,companyID_0000,EC Purchase order,MRO (components),2000000012,Purchase order,vendorID_0011,Standard,"3-way match, invoice before GR",NPR,sourceSystemID_0000,vendor_0011,False,00001,2000000012_00001,True
batch_00,batch_00,SRM: Complete,320.0,2018-01-10 15:38:00+00:00,CAPEX & SOCS,companyID_0000,EC Purchase order,MRO (components),2000000012,Purchase order,vendorID_0011,Standard,"3-way match, invoice before GR",NPR,sourceSystemID_0000,vendor_0011,False,00001,2000000012_00001,True
batch_00,batch_00,SRM: Awaiting Approval,320.0,2018-01-10 15:38:00+00:00,CAPEX & SOCS,companyID_0000,EC Purchase order,MRO (components),2000000012,Purchase order,vendorID_0011,Standard,"3-way match, invoice before GR",NPR,sourceSystemID_0000,vendor_0011,False,00001,2000000012_00001,True
batch_00,batch_00,SRM: Document Completed,320.0,2018-01-10 15:38:00+00:00,CAPEX & SOCS,companyID_0000,EC Purchase order,MRO (components),2000000012,Purchase order,vendorID_0011,Standard,"3-way match, invoice before GR",NPR,sourceSystemID_0000,vendor_0011,False,00001,2000000012_00001,True
batch_00,batch_00,SRM: In Transfer to Execution Syst.,320.0,2018-01-10 15:38:00+00:00,CAPEX & SOCS,companyID_0000,EC Purchase order,MRO (components),2000000012,Purchase order,vendorID_0011,Standard,"3-way match, invoice before GR",NPR,sourceSystemID_0000,vendor_0011,False,00001,2000000012_00001,True
batch_00,batch_00,SRM: Ordered,320.0,2018-01-10 15:38:00+00:00,CAPEX & SOCS,companyID_0000,EC Purchase order,MRO (components),2000000012,Purchase order,vendorID_0011,Standard,"3-way match, invoice before GR",NPR,sourceSystemID_0000,vendor_0011,False,00001,2000000012_00001,True
batch_00,batch_00,SRM: Change was Transmitted,320.0,2018-01-10 15:38:00+00:00,CAPEX & SOCS,companyID_0000,EC Purchase order,MRO (components),2000000012,Purchase order,vendorID_0011,Standard,"3-way match, invoice before GR",NPR,sourceSystemID_0000,vendor_0011,False,00001,2000000012_00001,True
user_000,user_000,Create Purchase Order Item,320.0,2018-01-10 15:38:00+00:00,CAPEX & SOCS,companyID_0000,EC Purchase order,MRO (components),2000000012,Purchase order,vendorID_0011,Standard,"3-way match, invoice before GR",NPR,sourceSystemID_0000,vendor_0011,False,00001,2000000012_00001,True
NONE,NONE,Vendor creates invoice,320.0,2018-01-29 22:59:00+00:00,CAPEX & SOCS,companyID_0000,EC Purchase order,MRO (components),2000000012,Purchase order,vendorID_0011,Standard,"3-way match, invoice before GR",NPR,sourceSystemID_0000,vendor_0011,False,00001,2000000012_00001,True
user_000,user_000,Record Goods Receipt,320.0,2018-02-26 08:41:00+00:00,CAPEX & SOCS,companyID_0000,EC Purchase order,MRO (components),2000000012,Purchase order,vendorID_0011,Standard,"3-way match, invoice before GR",NPR,sourceSystemID_0000,vendor_0011,False,00001,2000000012_00001,True
batch_00,batch_00,Record Invoice Receipt,320.0,2018-03-05 15:12:00+00:00,CAPEX & SOCS,companyID_0000,EC Purchase order,MRO (components),2000000012,Purchase order,vendorID_0011,Standard,"3-way match, invoice before GR",NPR,sourceSystemID_0000,vendor_0011,False,00001,2000000012_00001,True
user_002,user_002,Clear Invoice,320.0,2018-03-29 13:06:00+00:00,CAPEX & SOCS,companyID_0000,EC Purchase order,MRO (components),2000000012,Purchase order,vendorID_0011,Standard,"3-way match, invoice before GR",NPR,sourceSystemID_0000,vendor_0011,False,00001,2000000012_00001,True
batch_00,batch_00,SRM: Created,857.0,2018-01-10 14:38:00+00:00,CAPEX & SOCS,companyID_0000,EC Purchase order,Laboratory Supplies & Services,2000000013,Purchase order,vendorID_0012,Service,"3-way match, invoice after GR",NPR,sourceSystemID_0000,vendor_0012,True,00001,2000000013_00001,True
batch_00,batch_00,SRM: Complete,857.0,2018-01-10 15:38:00+00:00,CAPEX & SOCS,companyID_0000,EC Purchase order,Laboratory Supplies & Services,2000000013,Purchase order,vendorID_0012,Service,"3-way match, invoice after GR",NPR,sourceSystemID_0000,vendor_0012,True,00001,2000000013_00001,True
batch_00,batch_00,SRM: Awaiting Approval,857.0,2018-01-10 15:38:00+00:00,CAPEX & SOCS,companyID_0000,EC Purchase order,Laboratory Supplies & Services,2000000013,Purchase order,vendorID_0012,Service,"3-way match, invoice after GR",NPR,sourceSystemID_0000,vendor_0012,True,00001,2000000013_00001,True
batch_00,batch_00,SRM: Document Completed,857.0,2018-01-10 15:38:00+00:00,CAPEX & SOCS,companyID_0000,EC Purchase order,Laboratory Supplies & Services,2000000013,Purchase order,vendorID_0012,Service,"3-way match, invoice after GR",NPR,sourceSystemID_0000,vendor_0012,True,00001,2000000013_00001,True
batch_00,batch_00,SRM: Ordered,857.0,2018-01-10 15:38:00+00:00,CAPEX & SOCS,companyID_0000,EC Purchase order,Laboratory Supplies & Services,2000000013,Purchase order,vendorID_0012,Service,"3-way match, invoice after GR",NPR,sourceSystemID_0000,vendor_0012,True,00001,2000000013_00001,True
batch_00,batch_00,SRM: Change was Transmitted,857.0,2018-01-10 15:38:00+00:00,CAPEX & SOCS,companyID_0000,EC Purchase order,Laboratory Supplies & Services,2000000013,Purchase order,vendorID_0012,Service,"3-way match, invoice after GR",NPR,sourceSystemID_0000,vendor_0012,True,00001,2000000013_00001,True
batch_00,batch_00,SRM: In Transfer to Execution Syst.,857.0,2018-01-10 15:40:00+00:00,CAPEX & SOCS,companyID_0000,EC Purchase order,Laboratory Supplies & Services,2000000013,Purchase order,vendorID_0012,Service,"3-way match, invoice after GR",NPR,sourceSystemID_0000,vendor_0012,True,00001,2000000013_00001,True
user_000,user_000,Create Purchase Order Item,857.0,2018-01-10 15:40:00+00:00,CAPEX & SOCS,companyID_0000,EC Purchase order,Laboratory Supplies & Services,2000000013,Purchase order,vendorID_0012,Service,"3-way match, invoice after GR",NPR,sourceSystemID_0000,vendor_0012,True,00001,2000000013_00001,True
user_000,user_000,Record Goods Receipt,857.0,2018-01-16 13:27:00+00:00,CAPEX & SOCS,companyID_0000,EC Purchase order,Laboratory Supplies & Services,2000000013,Purchase order,vendorID_0012,Service,"3-way match, invoice after GR",NPR,sourceSystemID_0000,vendor_0012,True,00001,2000000013_00001,True
NONE,NONE,Record Service Entry Sheet,857.0,2018-01-16 13:27:00+00:00,CAPEX & SOCS,companyID_0000,EC Purchase order,Laboratory Supplies & Services,2000000013,Purchase order,vendorID_0012,Service,"3-way match, invoice after GR",NPR,sourceSystemID_0000,vendor_0012,True,00001,2000000013_00001,True
NONE,NONE,Vendor creates invoice,857.0,2018-01-22 22:59:00+00:00,CAPEX & SOCS,companyID_0000,EC Purchase order,Laboratory Supplies & Services,2000000013,Purchase order,vendorID_0012,Service,"3-way match, invoice after GR",NPR,sourceSystemID_0000,vendor_0012,True,00001,2000000013_00001,True
user_001,user_001,Record Invoice Receipt,857.0,2018-01-24 16:15:00+00:00,CAPEX & SOCS,companyID_0000,EC Purchase order,Laboratory Supplies & Services,2000000013,Purchase order,vendorID_0012,Service,"3-way match, invoice after GR",NPR,sourceSystemID_0000,vendor_0012,True,00001,2000000013_00001,True
user_002,user_002,Clear Invoice,857.0,2018-02-15 13:51:00+00:00,CAPEX & SOCS,companyID_0000,EC Purchase order,Laboratory Supplies & Services,2000000013,Purchase order,vendorID_0012,Service,"3-way match, invoice after GR",NPR,sourceSystemID_0000,vendor_0012,True,00001,2000000013_00001,True
batch_00,batch_00,SRM: Created,17414.0,2018-01-11 14:41:00+00:00,Marketing,companyID_0000,EC Purchase order,Advertising,2000000014,Purchase order,vendorID_0013,Service,"3-way match, invoice after GR",NPR,sourceSystemID_0000,vendor_0013,True,00001,2000000014_00001,True
batch_00,batch_00,SRM: Complete,17414.0,2018-01-11 15:41:00+00:00,Marketing,companyID_0000,EC Purchase order,Advertising,2000000014,Purchase order,vendorID_0013,Service,"3-way match, invoice after GR",NPR,sourceSystemID_0000,vendor_0013,True,00001,2000000014_00001,True
batch_00,batch_00,SRM: Awaiting Approval,17414.0,2018-01-11 15:41:00+00:00,Marketing,companyID_0000,EC Purchase order,Advertising,2000000014,Purchase order,vendorID_0013,Service,"3-way match, invoice after GR",NPR,sourceSystemID_0000,vendor_0013,True,00001,2000000014_00001,True
batch_00,batch_00,SRM: Document Completed,17414.0,2018-01-11 15:41:00+00:00,Marketing,companyID_0000,EC Purchase order,Advertising,2000000014,Purchase order,vendorID_0013,Service,"3-way match, invoice after GR",NPR,sourceSystemID_0000,vendor_0013,True,00001,2000000014_00001,True
batch_00,batch_00,SRM: In Transfer to Execution Syst.,17414.0,2018-01-11 15:41:00+00:00,Marketing,companyID_0000,EC Purchase order,Advertising,2000000014,Purchase order,vendorID_0013,Service,"3-way match, invoice after GR",NPR,sourceSystemID_0000,vendor_0013,True,00001,2000000014_00001,True
batch_00,batch_00,SRM: Ordered,17414.0,2018-01-11 15:41:00+00:00,Marketing,companyID_0000,EC Purchase order,Advertising,2000000014,Purchase order,vendorID_0013,Service,"3-way match, invoice after GR",NPR,sourceSystemID_0000,vendor_0013,True,00001,2000000014_00001,True
batch_00,batch_00,SRM: Change was Transmitted,17414.0,2018-01-11 15:41:00+00:00,Marketing,companyID_0000,EC Purchase order,Advertising,2000000014,Purchase order,vendorID_0013,Service,"3-way match, invoice after GR",NPR,sourceSystemID_0000,vendor_0013,True,00001,2000000014_00001,True
user_000,user_000,Create Purchase Order Item,17414.0,2018-01-11 15:41:00+00:00,Marketing,companyID_0000,EC Purchase order,Advertising,2000000014,Purchase order,vendorID_0013,Service,"3-way match, invoice after GR",NPR,sourceSystemID_0000,vendor_0013,True,00001,2000000014_00001,True
NONE,NONE,Vendor creates invoice,17414.0,2018-02-06 22:59:00+00:00,Marketing,companyID_0000,EC Purchase order,Advertising,2000000014,Purchase order,vendorID_0013,Service,"3-way match, invoice after GR",NPR,sourceSystemID_0000,vendor_0013,True,00001,2000000014_00001,True
user_000,user_000,Record Goods Receipt,17414.0,2018-02-16 15:47:00+00:00,Marketing,companyID_0000,EC Purchase order,Advertising,2000000014,Purchase order,vendorID_0013,Service,"3-way match, invoice after GR",NPR,sourceSystemID_0000,vendor_0013,True,00001,2000000014_00001,True
NONE,NONE,Record Service Entry Sheet,17414.0,2018-02-16 15:47:00+00:00,Marketing,companyID_0000,EC Purchase order,Advertising,2000000014,Purchase order,vendorID_0013,Service,"3-way match, invoice after GR",NPR,sourceSystemID_0000,vendor_0013,True,00001,2000000014_00001,True
user_011,user_011,Record Invoice Receipt,17414.0,2018-02-19 13:20:00+00:00,Marketing,companyID_0000,EC Purchase order,Advertising,2000000014,Purchase order,vendorID_0013,Service,"3-way match, invoice after GR",NPR,sourceSystemID_0000,vendor_0013,True,00001,2000000014_00001,True
user_005,user_005,Clear Invoice,17414.0,2018-03-01 13:06:00+00:00,Marketing,companyID_0000,EC Purchase order,Advertising,2000000014,Purchase order,vendorID_0013,Service,"3-way match, invoice after GR",NPR,sourceSystemID_0000,vendor_0013,True,00001,2000000014_00001,True
NONE,NONE,Vendor creates invoice,17414.0,2018-03-29 21:59:00+00:00,Marketing,companyID_0000,EC Purchase order,Advertising,2000000014,Purchase order,vendorID_0013,Service,"3-way match, invoice after GR",NPR,sourceSystemID_0000,vendor_0013,True,00001,2000000014_00001,True
user_000,user_000,Record Goods Receipt,17414.0,2018-04-10 14:08:00+00:00,Marketing,companyID_0000,EC Purchase order,Advertising,2000000014,Purchase order,vendorID_0013,Service,"3-way match, invoice after GR",NPR,sourceSystemID_0000,vendor_0013,True,00001,2000000014_00001,True
NONE,NONE,Record Service Entry Sheet,17414.0,2018-04-10 14:08:00+00:00,Marketing,companyID_0000,EC Purchase order,Advertising,2000000014,Purchase order,vendorID_0013,Service,"3-way match, invoice after GR",NPR,sourceSystemID_0000,vendor_0013,True,00001,2000000014_00001,True
user_011,user_011,Record Invoice Receipt,17414.0,2018-04-10 14:22:00+00:00,Marketing,companyID_0000,EC Purchase order,Advertising,2000000014,Purchase order,vendorID_0013,Service,"3-way match, invoice after GR",NPR,sourceSystemID_0000,vendor_0013,True,00001,2000000014_00001,True
user_002,user_002,Clear Invoice,17414.0,2018-04-19 12:47:00+00:00,Marketing,companyID_0000,EC Purchase order,Advertising,2000000014,Purchase order,vendorID_0013,Service,"3-way match, invoice after GR",NPR,sourceSystemID_0000,vendor_0013,True,00001,2000000014_00001,True
NONE,NONE,Vendor creates invoice,17414.0,2018-06-25 21:59:00+00:00,Marketing,companyID_0000,EC Purchase order,Advertising,2000000014,Purchase order,vendorID_0013,Service,"3-way match, invoice after GR",NPR,sourceSystemID_0000,vendor_0013,True,00001,2000000014_00001,True
user_000,user_000,Record Goods Receipt,17414.0,2018-07-24 10:29:00+00:00,Marketing,companyID_0000,EC Purchase order,Advertising,2000000014,Purchase order,vendorID_0013,Service,"3-way match, invoice after GR",NPR,sourceSystemID_0000,vendor_0013,True,00001,2000000014_00001,True
NONE,NONE,Record Service Entry Sheet,17414.0,2018-07-24 10:29:00+00:00,Marketing,companyID_0000,EC Purchase order,Advertising,2000000014,Purchase order,vendorID_0013,Service,"3-way match, invoice after GR",NPR,sourceSystemID_0000,vendor_0013,True,00001,2000000014_00001,True
user_012,user_012,Record Invoice Receipt,17414.0,2018-07-25 13:00:00+00:00,Marketing,companyID_0000,EC Purchase order,Advertising,2000000014,Purchase order,vendorID_0013,Service,"3-way match, invoice after GR",NPR,sourceSystemID_0000,vendor_0013,True,00001,2000000014_00001,True
user_002,user_002,Clear Invoice,17414.0,2018-07-26 16:09:00+00:00,Marketing,companyID_0000,EC Purchase order,Advertising,2000000014,Purchase order,vendorID_0013,Service,"3-way match, invoice after GR",NPR,sourceSystemID_0000,vendor_0013,True,00001,2000000014_00001,True
NONE,NONE,Vendor creates invoice,17414.0,2018-09-13 21:59:00+00:00,Marketing,companyID_0000,EC Purchase order,Advertising,2000000014,Purchase order,vendorID_0013,Service,"3-way match, invoice after GR",NPR,sourceSystemID_0000,vendor_0013,True,00001,2000000014_00001,True
user_000,user_000,Record Goods Receipt,17414.0,2018-09-14 12:44:00+00:00,Marketing,companyID_0000,EC Purchase order,Advertising,2000000014,Purchase order,vendorID_0013,Service,"3-way match, invoice after GR",NPR,sourceSystemID_0000,vendor_0013,True,00001,2000000014_00001,True
NONE,NONE,Record Service Entry Sheet,17414.0,2018-09-14 12:44:00+00:00,Marketing,companyID_0000,EC Purchase order,Advertising,2000000014,Purchase order,vendorID_0013,Service,"3-way match, invoice after GR",NPR,sourceSystemID_0000,vendor_0013,True,00001,2000000014_00001,True
user_012,user_012,Record Invoice Receipt,17414.0,2018-09-17 09:25:00+00:00,Marketing,companyID_0000,EC Purchase order,Advertising,2000000014,Purchase order,vendorID_0013,Service,"3-way match, invoice after GR",NPR,sourceSystemID_0000,vendor_0013,True,00001,2000000014_00001,True
user_002,user_002,Clear Invoice,17414.0,2018-10-04 14:50:00+00:00,Marketing,companyID_0000,EC Purchase order,Advertising,2000000014,Purchase order,vendorID_0013,Service,"3-way match, invoice after GR",NPR,sourceSystemID_0000,vendor_0013,True,00001,2000000014_00001,True
NONE,NONE,Vendor creates invoice,17414.0,2018-11-14 22:59:00+00:00,Marketing,companyID_0000,EC Purchase order,Advertising,2000000014,Purchase order,vendorID_0013,Service,"3-way match, invoice after GR",NPR,sourceSystemID_0000,vendor_0013,True,00001,2000000014_00001,True
user_000,user_000,Record Goods Receipt,17414.0,2018-11-28 12:23:00+00:00,Marketing,companyID_0000,EC Purchase order,Advertising,2000000014,Purchase order,vendorID_0013,Service,"3-way match, invoice after GR",NPR,sourceSystemID_0000,vendor_0013,True,00001,2000000014_00001,True
NONE,NONE,Record Service Entry Sheet,17414.0,2018-11-28 12:23:00+00:00,Marketing,companyID_0000,EC Purchase order,Advertising,2000000014,Purchase order,vendorID_0013,Service,"3-way match, invoice after GR",NPR,sourceSystemID_0000,vendor_0013,True,00001,2000000014_00001,True
user_013,user_013,Record Invoice Receipt,17414.0,2018-11-29 12:41:00+00:00,Marketing,companyID_0000,EC Purchase order,Advertising,2000000014,Purchase order,vendorID_0013,Service,"3-way match, invoice after GR",NPR,sourceSystemID_0000,vendor_0013,True,00001,2000000014_00001,True
user_002,user_002,Clear Invoice,17414.0,2018-12-07 08:08:00+00:00,Marketing,companyID_0000,EC Purchase order,Advertising,2000000014,Purchase order,vendorID_0013,Service,"3-way match, invoice after GR",NPR,sourceSystemID_0000,vendor_0013,True,00001,2000000014_00001,True
user_003,user_003,SRM: In Transfer to Execution Syst.,17414.0,2019-01-17 10:59:00+00:00,Marketing,companyID_0000,EC Purchase order,Advertising,2000000014,Purchase order,vendorID_0013,Service,"3-way match, invoice after GR",NPR,sourceSystemID_0000,vendor_0013,True,00001,2000000014_00001,True
user_003,user_003,SRM: Transfer Failed (E.Sys.),17414.0,2019-01-17 10:59:00+00:00,Marketing,companyID_0000,EC Purchase order,Advertising,2000000014,Purchase order,vendorID_0013,Service,"3-way match, invoice after GR",NPR,sourceSystemID_0000,vendor_0013,True,00001,2000000014_00001,True
batch_00,batch_00,SRM: Created,74.0,2018-01-15 09:13:00+00:00,CAPEX & SOCS,companyID_0000,EC Purchase order,Laboratory Supplies & Services,2000000026,Purchase order,vendorID_0024,Standard,"3-way match, invoice before GR",NPR,sourceSystemID_0000,vendor_0024,False,00001,2000000026_00001,True
batch_00,batch_00,SRM: Complete,74.0,2018-01-15 10:13:00+00:00,CAPEX & SOCS,companyID_0000,EC Purchase order,Laboratory Supplies & Services,2000000026,Purchase order,vendorID_0024,Standard,"3-way match, invoice before GR",NPR,sourceSystemID_0000,vendor_0024,False,00001,2000000026_00001,True
batch_00,batch_00,SRM: Awaiting Approval,74.0,2018-01-15 10:13:00+00:00,CAPEX & SOCS,companyID_0000,EC Purchase order,Laboratory Supplies & Services,2000000026,Purchase order,vendorID_0024,Standard,"3-way match, invoice before GR",NPR,sourceSystemID_0000,vendor_0024,False,00001,2000000026_00001,True
batch_00,batch_00,SRM: Document Completed,74.0,2018-01-15 10:13:00+00:00,CAPEX & SOCS,companyID_0000,EC Purchase order,Laboratory Supplies & Services,2000000026,Purchase order,vendorID_0024,Standard,"3-way match, invoice before GR",NPR,sourceSystemID_0000,vendor_0024,False,00001,2000000026_00001,True
batch_00,batch_00,SRM: Ordered,74.0,2018-01-15 10:13:00+00:00,CAPEX & SOCS,companyID_0000,EC Purchase order,Laboratory Supplies & Services,2000000026,Purchase order,vendorID_0024,Standard,"3-way match, invoice before GR",NPR,sourceSystemID_0000,vendor_0024,False,00001,2000000026_00001,True
batch_00,batch_00,SRM: In Transfer to Execution Syst.,74.0,2018-01-15 10:13:00+00:00,CAPEX & SOCS,companyID_0000,EC Purchase order,Laboratory Supplies & Services,2000000026,Purchase order,vendorID_0024,Standard,"3-way match, invoice before GR",NPR,sourceSystemID_0000,vendor_0024,False,00001,2000000026_00001,True
batch_00,batch_00,SRM: Change was Transmitted,74.0,2018-01-15 10:13:00+00:00,CAPEX & SOCS,companyID_0000,EC Purchase order,Laboratory Supplies & Services,2000000026,Purchase order,vendorID_0024,Standard,"3-way match, invoice before GR",NPR,sourceSystemID_0000,vendor_0024,False,00001,2000000026_00001,True
user_000,user_000,Create Purchase Order Item,74.0,2018-01-15 10:14:00+00:00,CAPEX & SOCS,companyID_0000,EC Purchase order,Laboratory Supplies & Services,2000000026,Purchase order,vendorID_0024,Standard,"3-way match, invoice before GR",NPR,sourceSystemID_0000,vendor_0024,False,00001,2000000026_00001,True
NONE,NONE,Vendor creates invoice,74.0,2018-01-27 22:59:00+00:00,CAPEX & SOCS,companyID_0000,EC Purchase order,Laboratory Supplies & Services,2000000026,Purchase order,vendorID_0024,Standard,"3-way match, invoice before GR",NPR,sourceSystemID_0000,vendor_0024,False,00001,2000000026_00001,True
user_000,user_000,Record Goods Receipt,74.0,2018-01-30 08:20:00+00:00,CAPEX & SOCS,companyID_0000,EC Purchase order,Laboratory Supplies & Services,2000000026,Purchase order,vendorID_0024,Standard,"3-way match, invoice before GR",NPR,sourceSystemID_0000,vendor_0024,False,00001,2000000026_00001,True
user_001,user_001,Record Invoice Receipt,74.0,2018-03-06 10:34:00+00:00,CAPEX & SOCS,companyID_0000,EC Purchase order,Laboratory Supplies & Services,2000000026,Purchase order,vendorID_0024,Standard,"3-way match, invoice before GR",NPR,sourceSystemID_0000,vendor_0024,False,00001,2000000026_00001,True
user_005,user_005,Clear Invoice,74.0,2018-03-08 12:20:00+00:00,CAPEX & SOCS,companyID_0000,EC Purchase order,Laboratory Supplies & Services,2000000026,Purchase order,vendorID_0024,Standard,"3-way match, invoice before GR",NPR,sourceSystemID_0000,vendor_0024,False,00001,2000000026_00001,True
batch_00,batch_00,SRM: Created,45.0,2018-01-15 09:13:00+00:00,CAPEX & SOCS,companyID_0000,EC Purchase order,Laboratory Supplies & Services,2000000026,Purchase order,vendorID_0024,Standard,"3-way match, invoice before GR",NPR,sourceSystemID_0000,vendor_0024,False,00002,2000000026_00002,True
batch_00,batch_00,SRM: Complete,45.0,2018-01-15 10:13:00+00:00,CAPEX & SOCS,companyID_0000,EC Purchase order,Laboratory Supplies & Services,2000000026,Purchase order,vendorID_0024,Standard,"3-way match, invoice before GR",NPR,sourceSystemID_0000,vendor_0024,False,00002,2000000026_00002,True
batch_00,batch_00,SRM: Awaiting Approval,45.0,2018-01-15 10:13:00+00:00,CAPEX & SOCS,companyID_0000,EC Purchase order,Laboratory Supplies & Services,2000000026,Purchase order,vendorID_0024,Standard,"3-way match, invoice before GR",NPR,sourceSystemID_0000,vendor_0024,False,00002,2000000026_00002,True
batch_00,batch_00,SRM: Document Completed,45.0,2018-01-15 10:13:00+00:00,CAPEX & SOCS,companyID_0000,EC Purchase order,Laboratory Supplies & Services,2000000026,Purchase order,vendorID_0024,Standard,"3-way match, invoice before GR",NPR,sourceSystemID_0000,vendor_0024,False,00002,2000000026_00002,True
batch_00,batch_00,SRM: Ordered,45.0,2018-01-15 10:13:00+00:00,CAPEX & SOCS,companyID_0000,EC Purchase order,Laboratory Supplies & Services,2000000026,Purchase order,vendorID_0024,Standard,"3-way match, invoice before GR",NPR,sourceSystemID_0000,vendor_0024,False,00002,2000000026_00002,True
batch_00,batch_00,SRM: In Transfer to Execution Syst.,45.0,2018-01-15 10:13:00+00:00,CAPEX & SOCS,companyID_0000,EC Purchase order,Laboratory Supplies & Services,2000000026,Purchase order,vendorID_0024,Standard,"3-way match, invoice before GR",NPR,sourceSystemID_0000,vendor_0024,False,00002,2000000026_00002,True
batch_00,batch_00,SRM: Change was Transmitted,45.0,2018-01-15 10:13:00+00:00,CAPEX & SOCS,companyID_0000,EC Purchase order,Laboratory Supplies & Services,2000000026,Purchase order,vendorID_0024,Standard,"3-way match, invoice before GR",NPR,sourceSystemID_0000,vendor_0024,False,00002,2000000026_00002,True
user_000,user_000,Create Purchase Order Item,45.0,2018-01-15 10:14:00+00:00,CAPEX & SOCS,companyID_0000,EC Purchase order,Laboratory Supplies & Services,2000000026,Purchase order,vendorID_0024,Standard,"3-way match, invoice before GR",NPR,sourceSystemID_0000,vendor_0024,False,00002,2000000026_00002,True
NONE,NONE,Vendor creates invoice,45.0,2018-01-27 22:59:00+00:00,CAPEX & SOCS,companyID_0000,EC Purchase order,Laboratory Supplies & Services,2000000026,Purchase order,vendorID_0024,Standard,"3-way match, invoice before GR",NPR,sourceSystemID_0000,vendor_0024,False,00002,2000000026_00002,True
user_000,user_000,Record Goods Receipt,45.0,2018-01-30 08:20:00+00:00,CAPEX & SOCS,companyID_0000,EC Purchase order,Laboratory Supplies & Services,2000000026,Purchase order,vendorID_0024,Standard,"3-way match, invoice before GR",NPR,sourceSystemID_0000,vendor_0024,False,00002,2000000026_00002,True
user_001,user_001,Record Invoice Receipt,45.0,2018-03-06 10:34:00+00:00,CAPEX & SOCS,companyID_0000,EC Purchase order,Laboratory Supplies & Services,2000000026,Purchase order,vendorID_0024,Standard,"3-way match, invoice before GR",NPR,sourceSystemID_0000,vendor_0024,False,00002,2000000026_00002,True
user_005,user_005,Clear Invoice,45.0,2018-03-08 12:20:00+00:00,CAPEX & SOCS,companyID_0000,EC Purchase order,Laboratory Supplies & Services,2000000026,Purchase order,vendorID_0024,Standard,"3-way match, invoice before GR",NPR,sourceSystemID_0000,vendor_0024,False,00002,2000000026_00002,True
user_043,user_043,Create Purchase Order Item,0.0,2018-01-02 07:51:00+00:00,Additives,companyID_0000,Standard PO,Extenders,4507000256,Purchase order,vendorID_0126,Consignment,Consignment,PR,sourceSystemID_0000,vendor_0125,False,00010,4507000256_00010,True
user_044,user_044,Record Goods Receipt,0.0,2018-01-10 11:39:00+00:00,Additives,companyID_0000,Standard PO,Extenders,4507000256,Purchase order,vendorID_0126,Consignment,Consignment,PR,sourceSystemID_0000,vendor_0125,False,00010,4507000256_00010,True
user_043,user_043,Change Quantity,0.0,2018-02-09 15:55:00+00:00,Additives,companyID_0000,Standard PO,Extenders,4507000256,Purchase order,vendorID_0126,Consignment,Consignment,PR,sourceSystemID_0000,vendor_0125,False,00010,4507000256_00010,True
user_052,user_052,Create Purchase Order Item,0.0,2018-01-02 08:51:00+00:00,Packaging,companyID_0000,Standard PO,Plastic Containers & Lids < 30L,4507000265,Purchase order,vendorID_0134,Consignment,Consignment,PR,sourceSystemID_0000,vendor_0133,False,00010,4507000265_00010,True
user_053,user_053,Record Goods Receipt,0.0,2018-01-18 10:02:00+00:00,Packaging,companyID_0000,Standard PO,Plastic Containers & Lids < 30L,4507000265,Purchase order,vendorID_0134,Consignment,Consignment,PR,sourceSystemID_0000,vendor_0133,False,00010,4507000265_00010,True
user_052,user_052,Create Purchase Order Item,0.0,2018-01-02 08:51:00+00:00,Packaging,companyID_0000,Standard PO,Plastic Containers & Lids < 30L,4507000265,Purchase order,vendorID_0134,Consignment,Consignment,PR,sourceSystemID_0000,vendor_0133,False,00020,4507000265_00020,True
user_053,user_053,Record Goods Receipt,0.0,2018-01-18 10:02:00+00:00,Packaging,companyID_0000,Standard PO,Plastic Containers & Lids < 30L,4507000265,Purchase order,vendorID_0134,Consignment,Consignment,PR,sourceSystemID_0000,vendor_0133,False,00020,4507000265_00020,True
user_059,user_059,Create Purchase Order Item,0.0,2018-01-02 10:08:00+00:00,Titanium Dioxides,companyID_0000,Standard PO,Chloride,4507000283,Purchase order,vendorID_0146,Consignment,Consignment,PR,sourceSystemID_0000,vendor_0143,False,00010,4507000283_00010,True
user_031,user_031,Record Goods Receipt,0.0,2018-03-12 17:33:00+00:00,Titanium Dioxides,companyID_0000,Standard PO,Chloride,4507000283,Purchase order,vendorID_0146,Consignment,Consignment,PR,sourceSystemID_0000,vendor_0143,False,00010,4507000283_00010,True
user_059,user_059,Create Purchase Order Item,0.0,2018-01-02 10:10:00+00:00,Titanium Dioxides,companyID_0000,Standard PO,Chloride,4507000284,Purchase order,vendorID_0146,Consignment,Consignment,PR,sourceSystemID_0000,vendor_0143,False,00010,4507000284_00010,True
user_031,user_031,Record Goods Receipt,0.0,2018-03-13 14:26:00+00:00,Titanium Dioxides,companyID_0000,Standard PO,Chloride,4507000284,Purchase order,vendorID_0146,Consignment,Consignment,PR,sourceSystemID_0000,vendor_0143,False,00010,4507000284_00010,True
user_064,user_064,Create Purchase Order Item,0.0,2018-01-02 10:18:00+00:00,Additives,companyID_0000,Standard PO,Extenders,4507000288,Purchase order,vendorID_0149,Consignment,Consignment,PR,sourceSystemID_0000,vendor_0147,False,00010,4507000288_00010,True
user_030,user_030,Record Goods Receipt,0.0,2018-01-17 06:27:00+00:00,Additives,companyID_0000,Standard PO,Extenders,4507000288,Purchase order,vendorID_0149,Consignment,Consignment,PR,sourceSystemID_0000,vendor_0147,False,00010,4507000288_00010,True
user_064,user_064,Change Quantity,0.0,2018-01-26 11:53:00+00:00,Additives,companyID_0000,Standard PO,Extenders,4507000288,Purchase order,vendorID_0149,Consignment,Consignment,PR,sourceSystemID_0000,vendor_0147,False,00010,4507000288_00010,True
user_064,user_064,Change Delivery Indicator,0.0,2018-01-26 11:53:00+00:00,Additives,companyID_0000,Standard PO,Extenders,4507000288,Purchase order,vendorID_0149,Consignment,Consignment,PR,sourceSystemID_0000,vendor_0147,False,00010,4507000288_00010,True
user_030,user_030,Record Goods Receipt,0.0,2018-01-26 12:43:00+00:00,Additives,companyID_0000,Standard PO,Extenders,4507000288,Purchase order,vendorID_0149,Consignment,Consignment,PR,sourceSystemID_0000,vendor_0147,False,00010,4507000288_00010,True
user_064,user_064,Create Purchase Order Item,0.0,2018-01-02 10:19:00+00:00,Additives,companyID_0000,Standard PO,Extenders,4507000289,Purchase order,vendorID_0149,Consignment,Consignment,PR,sourceSystemID_0000,vendor_0147,False,00010,4507000289_00010,True
user_030,user_030,Record Goods Receipt,0.0,2018-01-18 06:48:00+00:00,Additives,companyID_0000,Standard PO,Extenders,4507000289,Purchase order,vendorID_0149,Consignment,Consignment,PR,sourceSystemID_0000,vendor_0147,False,00010,4507000289_00010,True
user_064,user_064,Change Quantity,0.0,2018-01-18 10:09:00+00:00,Additives,companyID_0000,Standard PO,Extenders,4507000289,Purchase order,vendorID_0149,Consignment,Consignment,PR,sourceSystemID_0000,vendor_0147,False,00010,4507000289_00010,True
user_064,user_064,Change Delivery Indicator,0.0,2018-01-18 10:09:00+00:00,Additives,companyID_0000,Standard PO,Extenders,4507000289,Purchase order,vendorID_0149,Consignment,Consignment,PR,sourceSystemID_0000,vendor_0147,False,00010,4507000289_00010,True
user_030,user_030,Record Goods Receipt,0.0,2018-01-18 11:19:00+00:00,Additives,companyID_0000,Standard PO,Extenders,4507000289,Purchase order,vendorID_0149,Consignment,Consignment,PR,sourceSystemID_0000,vendor_0147,False,00010,4507000289_00010,True
user_064,user_064,Create Purchase Order Item,0.0,2018-01-02 10:19:00+00:00,Additives,companyID_0000,Standard PO,Extenders,4507000290,Purchase order,vendorID_0149,Consignment,Consignment,PR,sourceSystemID_0000,vendor_0147,False,00010,4507000290_00010,True
user_064,user_064,Change Quantity,0.0,2018-01-18 14:36:00+00:00,Additives,companyID_0000,Standard PO,Extenders,4507000290,Purchase order,vendorID_0149,Consignment,Consignment,PR,sourceSystemID_0000,vendor_0147,False,00010,4507000290_00010,True
user_030,user_030,Record Goods Receipt,0.0,2018-01-19 06:40:00+00:00,Additives,companyID_0000,Standard PO,Extenders,4507000290,Purchase order,vendorID_0149,Consignment,Consignment,PR,sourceSystemID_0000,vendor_0147,False,00010,4507000290_00010,True
user_064,user_064,Create Purchase Order Item,0.0,2018-01-02 10:19:00+00:00,Additives,companyID_0000,Standard PO,Extenders,4507000291,Purchase order,vendorID_0149,Consignment,Consignment,PR,sourceSystemID_0000,vendor_0147,False,00010,4507000291_00010,True
user_064,user_064,Change Quantity,0.0,2018-01-19 15:50:00+00:00,Additives,companyID_0000,Standard PO,Extenders,4507000291,Purchase order,vendorID_0149,Consignment,Consignment,PR,sourceSystemID_0000,vendor_0147,False,00010,4507000291_00010,True
user_065,user_065,Record Goods Receipt,0.0,2018-01-22 06:35:00+00:00,Additives,companyID_0000,Standard PO,Extenders,4507000291,Purchase order,vendorID_0149,Consignment,Consignment,PR,sourceSystemID_0000,vendor_0147,False,00010,4507000291_00010,True
user_064,user_064,Create Purchase Order Item,0.0,2018-01-02 10:53:00+00:00,Latex & Monomers,companyID_0000,Standard PO,Opaque Polymers,4507000324,Purchase order,vendorID_0159,Consignment,Consignment,PR,sourceSystemID_0000,vendor_0157,False,00010,4507000324_00010,True
user_029,user_029,Receive Order Confirmation,0.0,2018-01-02 14:30:00+00:00,Latex & Monomers,companyID_0000,Standard PO,Opaque Polymers,4507000324,Purchase order,vendorID_0159,Consignment,Consignment,PR,sourceSystemID_0000,vendor_0157,False,00010,4507000324_00010,True
user_065,user_065,Record Goods Receipt,0.0,2018-01-22 14:23:00+00:00,Latex & Monomers,companyID_0000,Standard PO,Opaque Polymers,4507000324,Purchase order,vendorID_0159,Consignment,Consignment,PR,sourceSystemID_0000,vendor_0157,False,00010,4507000324_00010,True
NONE,NONE,Vendor creates invoice,198.0,2017-12-16 22:59:00+00:00,Others,companyID_0003,Framework order,Utilities,4507075964,Purchase order,vendorID_1686,Limit,2-way match,OTHER,sourceSystemID_0000,vendor_1610,False,00010,4507075964_00010,False
user_602,user_602,Create Purchase Order Item,198.0,2018-01-03 12:47:00+00:00,Others,companyID_0003,Framework order,Utilities,4507075964,Purchase order,vendorID_1686,Limit,2-way match,OTHER,sourceSystemID_0000,vendor_1610,False,00010,4507075964_00010,False
user_603,user_603,Change Approval for Purchase Order,198.0,2018-01-03 13:56:00+00:00,Others,companyID_0003,Framework order,Utilities,4507075964,Purchase order,vendorID_1686,Limit,2-way match,OTHER,sourceSystemID_0000,vendor_1610,False,00010,4507075964_00010,False
user_359,user_359,Record Invoice Receipt,198.0,2018-01-04 09:04:00+00:00,Others,companyID_0003,Framework order,Utilities,4507075964,Purchase order,vendorID_1686,Limit,2-way match,OTHER,sourceSystemID_0000,vendor_1610,False,00010,4507075964_00010,False
user_604,user_604,Clear Invoice,198.0,2018-01-10 11:35:00+00:00,Others,companyID_0003,Framework order,Utilities,4507075964,Purchase order,vendorID_1686,Limit,2-way match,OTHER,sourceSystemID_0000,vendor_1610,False,00010,4507075964_00010,False
user_602,user_602,Change Approval for Purchase Order,198.0,2018-04-06 08:38:00+00:00,Others,companyID_0003,Framework order,Utilities,4507075964,Purchase order,vendorID_1686,Limit,2-way match,OTHER,sourceSystemID_0000,vendor_1610,False,00010,4507075964_00010,False
user_603,user_603,Change Approval for Purchase Order,198.0,2018-04-06 13:58:00+00:00,Others,companyID_0003,Framework order,Utilities,4507075964,Purchase order,vendorID_1686,Limit,2-way match,OTHER,sourceSystemID_0000,vendor_1610,False,00010,4507075964_00010,False
user_603,user_603,Change Approval for Purchase Order,62.0,2018-01-03 13:56:00+00:00,Others,companyID_0003,Framework order,Utilities,4507075964,Purchase order,vendorID_1686,Limit,2-way match,OTHER,sourceSystemID_0000,vendor_1610,False,00020,4507075964_00020,False
NONE,NONE,Vendor creates invoice,62.0,2018-03-23 22:59:00+00:00,Others,companyID_0003,Framework order,Utilities,4507075964,Purchase order,vendorID_1686,Limit,2-way match,OTHER,sourceSystemID_0000,vendor_1610,False,00020,4507075964_00020,False
user_602,user_602,Change Approval for Purchase Order,62.0,2018-04-06 08:38:00+00:00,Others,companyID_0003,Framework order,Utilities,4507075964,Purchase order,vendorID_1686,Limit,2-way match,OTHER,sourceSystemID_0000,vendor_1610,False,00020,4507075964_00020,False
user_602,user_602,Create Purchase Order Item,62.0,2018-04-06 08:38:00+00:00,Others,companyID_0003,Framework order,Utilities,4507075964,Purchase order,vendorID_1686,Limit,2-way match,OTHER,sourceSystemID_0000,vendor_1610,False,00020,4507075964_00020,False
user_603,user_603,Change Approval for Purchase Order,62.0,2018-04-06 13:58:00+00:00,Others,companyID_0003,Framework order,Utilities,4507075964,Purchase order,vendorID_1686,Limit,2-way match,OTHER,sourceSystemID_0000,vendor_1610,False,00020,4507075964_00020,False
user_359,user_359,Record Invoice Receipt,62.0,2018-07-27 03:11:00+00:00,Others,companyID_0003,Framework order,Utilities,4507075964,Purchase order,vendorID_1686,Limit,2-way match,OTHER,sourceSystemID_0000,vendor_1610,False,00020,4507075964_00020,False
user_604,user_604,Clear Invoice,62.0,2018-08-01 15:33:00+00:00,Others,companyID_0003,Framework order,Utilities,4507075964,Purchase order,vendorID_1686,Limit,2-way match,OTHER,sourceSystemID_0000,vendor_1610,False,00020,4507075964_00020,False
NONE,NONE,Vendor creates debit memo,15349.0,2017-12-21 22:59:00+00:00,Real Estate,companyID_0003,Framework order,Real estate brokers or agents,4507075965,Purchase order,vendorID_1687,Limit,2-way match,NPR,sourceSystemID_0000,vendor_1611,False,00010,4507075965_00010,False
NONE,NONE,Vendor creates invoice,15349.0,2017-12-21 22:59:00+00:00,Real Estate,companyID_0003,Framework order,Real estate brokers or agents,4507075965,Purchase order,vendorID_1687,Limit,2-way match,NPR,sourceSystemID_0000,vendor_1611,False,00010,4507075965_00010,False
user_602,user_602,Create Purchase Order Item,15349.0,2018-01-04 11:07:00+00:00,Real Estate,companyID_0003,Framework order,Real estate brokers or agents,4507075965,Purchase order,vendorID_1687,Limit,2-way match,NPR,sourceSystemID_0000,vendor_1611,False,00010,4507075965_00010,False
user_603,user_603,Change Approval for Purchase Order,15349.0,2018-01-04 11:36:00+00:00,Real Estate,companyID_0003,Framework order,Real estate brokers or agents,4507075965,Purchase order,vendorID_1687,Limit,2-way match,NPR,sourceSystemID_0000,vendor_1611,False,00010,4507075965_00010,False
user_605,user_605,Record Invoice Receipt,15349.0,2018-01-05 15:31:00+00:00,Real Estate,companyID_0003,Framework order,Real estate brokers or agents,4507075965,Purchase order,vendorID_1687,Limit,2-way match,NPR,sourceSystemID_0000,vendor_1611,False,00010,4507075965_00010,False
user_605,user_605,Cancel Invoice Receipt,15349.0,2018-01-10 11:41:00+00:00,Real Estate,companyID_0003,Framework order,Real estate brokers or agents,4507075965,Purchase order,vendorID_1687,Limit,2-way match,NPR,sourceSystemID_0000,vendor_1611,False,00010,4507075965_00010,False
user_605,user_605,Clear Invoice,15349.0,2018-01-10 11:42:00+00:00,Real Estate,companyID_0003,Framework order,Real estate brokers or agents,4507075965,Purchase order,vendorID_1687,Limit,2-way match,NPR,sourceSystemID_0000,vendor_1611,False,00010,4507075965_00010,False
user_605,user_605,Record Invoice Receipt,15349.0,2018-01-10 12:27:00+00:00,Real Estate,companyID_0003,Framework order,Real estate brokers or agents,4507075965,Purchase order,vendorID_1687,Limit,2-way match,NPR,sourceSystemID_0000,vendor_1611,False,00010,4507075965_00010,False
user_205,user_205,Clear Invoice,15349.0,2018-02-21 12:54:00+00:00,Real Estate,companyID_0003,Framework order,Real estate brokers or agents,4507075965,Purchase order,vendorID_1687,Limit,2-way match,NPR,sourceSystemID_0000,vendor_1611,False,00010,4507075965_00010,False
NONE,NONE,Vendor creates invoice,265.0,2017-12-21 22:59:00+00:00,Real Estate,companyID_0003,Framework order,Real estate brokers or agents,4507075965,Purchase order,vendorID_1687,Limit,2-way match,NPR,sourceSystemID_0000,vendor_1611,False,00020,4507075965_00020,False
NONE,NONE,Vendor creates debit memo,265.0,2017-12-21 22:59:00+00:00,Real Estate,companyID_0003,Framework order,Real estate brokers or agents,4507075965,Purchase order,vendorID_1687,Limit,2-way match,NPR,sourceSystemID_0000,vendor_1611,False,00020,4507075965_00020,False
user_602,user_602,Create Purchase Order Item,265.0,2018-01-04 11:07:00+00:00,Real Estate,companyID_0003,Framework order,Real estate brokers or agents,4507075965,Purchase order,vendorID_1687,Limit,2-way match,NPR,sourceSystemID_0000,vendor_1611,False,00020,4507075965_00020,False
user_603,user_603,Change Approval for Purchase Order,265.0,2018-01-04 11:36:00+00:00,Real Estate,companyID_0003,Framework order,Real estate brokers or agents,4507075965,Purchase order,vendorID_1687,Limit,2-way match,NPR,sourceSystemID_0000,vendor_1611,False,00020,4507075965_00020,False
user_605,user_605,Record Invoice Receipt,265.0,2018-01-05 15:31:00+00:00,Real Estate,companyID_0003,Framework order,Real estate brokers or agents,4507075965,Purchase order,vendorID_1687,Limit,2-way match,NPR,sourceSystemID_0000,vendor_1611,False,00020,4507075965_00020,False
user_605,user_605,Cancel Invoice Receipt,265.0,2018-01-10 11:41:00+00:00,Real Estate,companyID_0003,Framework order,Real estate brokers or agents,4507075965,Purchase order,vendorID_1687,Limit,2-way match,NPR,sourceSystemID_0000,vendor_1611,False,00020,4507075965_00020,False
user_605,user_605,Clear Invoice,265.0,2018-01-10 11:42:00+00:00,Real Estate,companyID_0003,Framework order,Real estate brokers or agents,4507075965,Purchase order,vendorID_1687,Limit,2-way match,NPR,sourceSystemID_0000,vendor_1611,False,00020,4507075965_00020,False
user_605,user_605,Record Invoice Receipt,265.0,2018-01-10 12:30:00+00:00,Real Estate,companyID_0003,Framework order,Real estate brokers or agents,4507075965,Purchase order,vendorID_1687,Limit,2-way match,NPR,sourceSystemID_0000,vendor_1611,False,00020,4507075965_00020,False
user_604,user_604,Clear Invoice,265.0,2018-01-18 10:07:00+00:00,Real Estate,companyID_0003,Framework order,Real estate brokers or agents,4507075965,Purchase order,vendorID_1687,Limit,2-way match,NPR,sourceSystemID_0000,vendor_1611,False,00020,4507075965_00020,False
user_602,user_602,Create Purchase Order Item,15349.0,2018-01-04 11:25:00+00:00,Real Estate,companyID_0003,Framework order,Real estate brokers or agents,4507075965,Purchase order,vendorID_1687,Limit,2-way match,NPR,sourceSystemID_0000,vendor_1611,False,00030,4507075965_00030,False
user_603,user_603,Change Approval for Purchase Order,15349.0,2018-01-04 11:36:00+00:00,Real Estate,companyID_0003,Framework order,Real estate brokers or agents,4507075965,Purchase order,vendorID_1687,Limit,2-way match,NPR,sourceSystemID_0000,vendor_1611,False,00030,4507075965_00030,False
user_602,user_602,Create Purchase Order Item,265.0,2018-01-04 11:25:00+00:00,Real Estate,companyID_0003,Framework order,Real estate brokers or agents,4507075965,Purchase order,vendorID_1687,Limit,2-way match,NPR,sourceSystemID_0000,vendor_1611,False,00040,4507075965_00040,False
user_603,user_603,Change Approval for Purchase Order,265.0,2018-01-04 11:36:00+00:00,Real Estate,companyID_0003,Framework order,Real estate brokers or agents,4507075965,Purchase order,vendorID_1687,Limit,2-way match,NPR,sourceSystemID_0000,vendor_1611,False,00040,4507075965_00040,False
user_602,user_602,Create Purchase Order Item,15349.0,2018-01-04 11:25:00+00:00,Real Estate,companyID_0003,Framework order,Real estate brokers or agents,4507075965,Purchase order,vendorID_1687,Limit,2-way match,NPR,sourceSystemID_0000,vendor_1611,False,00050,4507075965_00050,False
user_603,user_603,Change Approval for Purchase Order,15349.0,2018-01-04 11:36:00+00:00,Real Estate,companyID_0003,Framework order,Real estate brokers or agents,4507075965,Purchase order,vendorID_1687,Limit,2-way match,NPR,sourceSystemID_0000,vendor_1611,False,00050,4507075965_00050,False
NONE,NONE,Vendor creates invoice,15349.0,2018-02-16 22:59:00+00:00,Real Estate,companyID_0003,Framework order,Real estate brokers or agents,4507075965,Purchase order,vendorID_1687,Limit,2-way match,NPR,sourceSystemID_0000,vendor_1611,False,00050,4507075965_00050,False
user_359,user_359,Record Invoice Receipt,15349.0,2018-02-22 13:27:00+00:00,Real Estate,companyID_0003,Framework order,Real estate brokers or agents,4507075965,Purchase order,vendorID_1687,Limit,2-way match,NPR,sourceSystemID_0000,vendor_1611,False,00050,4507075965_00050,False
user_205,user_205,Clear Invoice,15349.0,2018-04-11 08:34:00+00:00,Real Estate,companyID_0003,Framework order,Real estate brokers or agents,4507075965,Purchase order,vendorID_1687,Limit,2-way match,NPR,sourceSystemID_0000,vendor_1611,False,00050,4507075965_00050,False
user_602,user_602,Create Purchase Order Item,265.0,2018-01-04 11:25:00+00:00,Real Estate,companyID_0003,Framework order,Real estate brokers or agents,4507075965,Purchase order,vendorID_1687,Limit,2-way match,NPR,sourceSystemID_0000,vendor_1611,False,00060,4507075965_00060,False
user_603,user_603,Change Approval for Purchase Order,265.0,2018-01-04 11:36:00+00:00,Real Estate,companyID_0003,Framework order,Real estate brokers or agents,4507075965,Purchase order,vendorID_1687,Limit,2-way match,NPR,sourceSystemID_0000,vendor_1611,False,00060,4507075965_00060,False
NONE,NONE,Vendor creates invoice,265.0,2018-02-16 22:59:00+00:00,Real Estate,companyID_0003,Framework order,Real estate brokers or agents,4507075965,Purchase order,vendorID_1687,Limit,2-way match,NPR,sourceSystemID_0000,vendor_1611,False,00060,4507075965_00060,False
user_359,user_359,Record Invoice Receipt,265.0,2018-02-23 10:09:00+00:00,Real Estate,companyID_0003,Framework order,Real estate brokers or agents,4507075965,Purchase order,vendorID_1687,Limit,2-way match,NPR,sourceSystemID_0000,vendor_1611,False,00060,4507075965_00060,False
user_604,user_604,Clear Invoice,265.0,2018-02-28 15:30:00+00:00,Real Estate,companyID_0003,Framework order,Real estate brokers or agents,4507075965,Purchase order,vendorID_1687,Limit,2-way match,NPR,sourceSystemID_0000,vendor_1611,False,00060,4507075965_00060,False
user_602,user_602,Create Purchase Order Item,15349.0,2018-01-04 11:25:00+00:00,Real Estate,companyID_0003,Framework order,Real estate brokers or agents,4507075965,Purchase order,vendorID_1687,Limit,2-way match,NPR,sourceSystemID_0000,vendor_1611,False,00070,4507075965_00070,False
user_603,user_603,Change Approval for Purchase Order,15349.0,2018-01-04 11:36:00+00:00,Real Estate,companyID_0003,Framework order,Real estate brokers or agents,4507075965,Purchase order,vendorID_1687,Limit,2-way match,NPR,sourceSystemID_0000,vendor_1611,False,00070,4507075965_00070,False
user_602,user_602,Create Purchase Order Item,265.0,2018-01-04 11:25:00+00:00,Real Estate,companyID_0003,Framework order,Real estate brokers or agents,4507075965,Purchase order,vendorID_1687,Limit,2-way match,NPR,sourceSystemID_0000,vendor_1611,False,00080,4507075965_00080,False
user_603,user_603,Change Approval for Purchase Order,265.0,2018-01-04 11:36:00+00:00,Real Estate,companyID_0003,Framework order,Real estate brokers or agents,4507075965,Purchase order,vendorID_1687,Limit,2-way match,NPR,sourceSystemID_0000,vendor_1611,False,00080,4507075965_00080,False
